ERROR - 2026-06-11 10:10:48 --> Error connecting to the database: mysqli_sql_exception: Invalid character set was provided in C:\Users\Udin C\Documents\kuliah yansya\semester 4\PemroWeb\UAS\ci4\system\Database\MySQLi\Connection.php:210
Stack trace:
#0 C:\Users\Udin C\Documents\kuliah yansya\semester 4\PemroWeb\UAS\ci4\system\Database\MySQLi\Connection.php(210): mysqli->set_charset('')
#1 C:\Users\Udin C\Documents\kuliah yansya\semester 4\PemroWeb\UAS\ci4\system\Database\BaseConnection.php(555): CodeIgniter\Database\MySQLi\Connection->connect(false)
#2 C:\Users\Udin C\Documents\kuliah yansya\semester 4\PemroWeb\UAS\ci4\system\Database\BaseConnection.php(795): CodeIgniter\Database\BaseConnection->initialize()
#3 C:\Users\Udin C\Documents\kuliah yansya\semester 4\PemroWeb\UAS\ci4\system\Database\BaseBuilder.php(1647): CodeIgniter\Database\BaseConnection->query('SELECT `b`.*, `...', Array, false)
#4 C:\Users\Udin C\Documents\kuliah yansya\semester 4\PemroWeb\UAS\ci4\app\Controllers\BookController.php(16): CodeIgniter\Database\BaseBuilder->get()
#5 C:\Users\Udin C\Documents\kuliah yansya\semester 4\PemroWeb\UAS\ci4\system\CodeIgniter.php(974): App\Controllers\BookController->index()
#6 C:\Users\Udin C\Documents\kuliah yansya\semester 4\PemroWeb\UAS\ci4\system\CodeIgniter.php(520): CodeIgniter\CodeIgniter->runController(Object(App\Controllers\BookController))
#7 C:\Users\Udin C\Documents\kuliah yansya\semester 4\PemroWeb\UAS\ci4\system\CodeIgniter.php(363): CodeIgniter\CodeIgniter->handleRequest(NULL, Object(Config\Cache), false)
#8 C:\Users\Udin C\Documents\kuliah yansya\semester 4\PemroWeb\UAS\ci4\system\Boot.php(417): CodeIgniter\CodeIgniter->run()
#9 C:\Users\Udin C\Documents\kuliah yansya\semester 4\PemroWeb\UAS\ci4\system\Boot.php(68): CodeIgniter\Boot::runCodeIgniter(Object(CodeIgniter\CodeIgniter))
#10 C:\Users\Udin C\Documents\kuliah yansya\semester 4\PemroWeb\UAS\ci4\public\index.php(59): CodeIgniter\Boot::bootWeb(Object(Config\Paths))
#11 C:\Users\Udin C\Documents\kuliah yansya\semester 4\PemroWeb\UAS\ci4\system\rewrite.php(44): require_once('C:\\Users\\Udin C...')
#12 {main}

Next CodeIgniter\Database\Exceptions\DatabaseException: Invalid character set was provided in C:\Users\Udin C\Documents\kuliah yansya\semester 4\PemroWeb\UAS\ci4\system\Database\MySQLi\Connection.php:231
Stack trace:
#0 C:\Users\Udin C\Documents\kuliah yansya\semester 4\PemroWeb\UAS\ci4\system\Database\BaseConnection.php(555): CodeIgniter\Database\MySQLi\Connection->connect(false)
#1 C:\Users\Udin C\Documents\kuliah yansya\semester 4\PemroWeb\UAS\ci4\system\Database\BaseConnection.php(795): CodeIgniter\Database\BaseConnection->initialize()
#2 C:\Users\Udin C\Documents\kuliah yansya\semester 4\PemroWeb\UAS\ci4\system\Database\BaseBuilder.php(1647): CodeIgniter\Database\BaseConnection->query('SELECT `b`.*, `...', Array, false)
#3 C:\Users\Udin C\Documents\kuliah yansya\semester 4\PemroWeb\UAS\ci4\app\Controllers\BookController.php(16): CodeIgniter\Database\BaseBuilder->get()
#4 C:\Users\Udin C\Documents\kuliah yansya\semester 4\PemroWeb\UAS\ci4\system\CodeIgniter.php(974): App\Controllers\BookController->index()
#5 C:\Users\Udin C\Documents\kuliah yansya\semester 4\PemroWeb\UAS\ci4\system\CodeIgniter.php(520): CodeIgniter\CodeIgniter->runController(Object(App\Controllers\BookController))
#6 C:\Users\Udin C\Documents\kuliah yansya\semester 4\PemroWeb\UAS\ci4\system\CodeIgniter.php(363): CodeIgniter\CodeIgniter->handleRequest(NULL, Object(Config\Cache), false)
#7 C:\Users\Udin C\Documents\kuliah yansya\semester 4\PemroWeb\UAS\ci4\system\Boot.php(417): CodeIgniter\CodeIgniter->run()
#8 C:\Users\Udin C\Documents\kuliah yansya\semester 4\PemroWeb\UAS\ci4\system\Boot.php(68): CodeIgniter\Boot::runCodeIgniter(Object(CodeIgniter\CodeIgniter))
#9 C:\Users\Udin C\Documents\kuliah yansya\semester 4\PemroWeb\UAS\ci4\public\index.php(59): CodeIgniter\Boot::bootWeb(Object(Config\Paths))
#10 C:\Users\Udin C\Documents\kuliah yansya\semester 4\PemroWeb\UAS\ci4\system\rewrite.php(44): require_once('C:\\Users\\Udin C...')
#11 {main}
CRITICAL - 2026-06-11 10:10:48 --> CodeIgniter\Database\Exceptions\DatabaseException: Unable to connect to the database.
Main connection [MySQLi]: Invalid character set was provided
[Method: GET, Route: books]
in SYSTEMPATH\Database\BaseConnection.php on line 606.
 1 SYSTEMPATH\Database\BaseConnection.php(795): CodeIgniter\Database\BaseConnection->initialize()
 2 SYSTEMPATH\Database\BaseBuilder.php(1647): CodeIgniter\Database\BaseConnection->query('SELECT `b`.*, `g`.`name` as `genre_name`
FROM `books` `b`
LEFT JOIN `genres` `g` ON `g`.`id` = `b`.`genre_id`', [], false)
 3 APPPATH\Controllers\BookController.php(16): CodeIgniter\Database\BaseBuilder->get()
 4 SYSTEMPATH\CodeIgniter.php(974): App\Controllers\BookController->index()
 5 SYSTEMPATH\CodeIgniter.php(520): CodeIgniter\CodeIgniter->runController(Object(App\Controllers\BookController))
 6 SYSTEMPATH\CodeIgniter.php(363): CodeIgniter\CodeIgniter->handleRequest(null, Object(Config\Cache), false)
 7 SYSTEMPATH\Boot.php(417): CodeIgniter\CodeIgniter->run()
 8 SYSTEMPATH\Boot.php(68): CodeIgniter\Boot::runCodeIgniter(Object(CodeIgniter\CodeIgniter))
 9 FCPATH\index.php(59): CodeIgniter\Boot::bootWeb(Object(Config\Paths))
10 SYSTEMPATH\rewrite.php(44): require_once('C:\\Users\\Udin C\\Documents\\kuliah yansya\\semester 4\\PemroWeb\\UAS\\ci4\\public\\index.php')
ERROR - 2026-06-11 10:12:32 --> Error connecting to the database: mysqli_sql_exception: Invalid character set was provided in C:\Users\Udin C\Documents\kuliah yansya\semester 4\PemroWeb\UAS\ci4\system\Database\MySQLi\Connection.php:210
Stack trace:
#0 C:\Users\Udin C\Documents\kuliah yansya\semester 4\PemroWeb\UAS\ci4\system\Database\MySQLi\Connection.php(210): mysqli->set_charset('')
#1 C:\Users\Udin C\Documents\kuliah yansya\semester 4\PemroWeb\UAS\ci4\system\Database\BaseConnection.php(555): CodeIgniter\Database\MySQLi\Connection->connect(false)
#2 C:\Users\Udin C\Documents\kuliah yansya\semester 4\PemroWeb\UAS\ci4\system\Database\BaseConnection.php(795): CodeIgniter\Database\BaseConnection->initialize()
#3 C:\Users\Udin C\Documents\kuliah yansya\semester 4\PemroWeb\UAS\ci4\system\Database\BaseBuilder.php(1647): CodeIgniter\Database\BaseConnection->query('SELECT `b`.*, `...', Array, false)
#4 C:\Users\Udin C\Documents\kuliah yansya\semester 4\PemroWeb\UAS\ci4\app\Controllers\BookController.php(16): CodeIgniter\Database\BaseBuilder->get()
#5 C:\Users\Udin C\Documents\kuliah yansya\semester 4\PemroWeb\UAS\ci4\system\CodeIgniter.php(974): App\Controllers\BookController->index()
#6 C:\Users\Udin C\Documents\kuliah yansya\semester 4\PemroWeb\UAS\ci4\system\CodeIgniter.php(520): CodeIgniter\CodeIgniter->runController(Object(App\Controllers\BookController))
#7 C:\Users\Udin C\Documents\kuliah yansya\semester 4\PemroWeb\UAS\ci4\system\CodeIgniter.php(363): CodeIgniter\CodeIgniter->handleRequest(NULL, Object(Config\Cache), false)
#8 C:\Users\Udin C\Documents\kuliah yansya\semester 4\PemroWeb\UAS\ci4\system\Boot.php(417): CodeIgniter\CodeIgniter->run()
#9 C:\Users\Udin C\Documents\kuliah yansya\semester 4\PemroWeb\UAS\ci4\system\Boot.php(68): CodeIgniter\Boot::runCodeIgniter(Object(CodeIgniter\CodeIgniter))
#10 C:\Users\Udin C\Documents\kuliah yansya\semester 4\PemroWeb\UAS\ci4\public\index.php(59): CodeIgniter\Boot::bootWeb(Object(Config\Paths))
#11 C:\Users\Udin C\Documents\kuliah yansya\semester 4\PemroWeb\UAS\ci4\system\rewrite.php(44): require_once('C:\\Users\\Udin C...')
#12 {main}

Next CodeIgniter\Database\Exceptions\DatabaseException: Invalid character set was provided in C:\Users\Udin C\Documents\kuliah yansya\semester 4\PemroWeb\UAS\ci4\system\Database\MySQLi\Connection.php:231
Stack trace:
#0 C:\Users\Udin C\Documents\kuliah yansya\semester 4\PemroWeb\UAS\ci4\system\Database\BaseConnection.php(555): CodeIgniter\Database\MySQLi\Connection->connect(false)
#1 C:\Users\Udin C\Documents\kuliah yansya\semester 4\PemroWeb\UAS\ci4\system\Database\BaseConnection.php(795): CodeIgniter\Database\BaseConnection->initialize()
#2 C:\Users\Udin C\Documents\kuliah yansya\semester 4\PemroWeb\UAS\ci4\system\Database\BaseBuilder.php(1647): CodeIgniter\Database\BaseConnection->query('SELECT `b`.*, `...', Array, false)
#3 C:\Users\Udin C\Documents\kuliah yansya\semester 4\PemroWeb\UAS\ci4\app\Controllers\BookController.php(16): CodeIgniter\Database\BaseBuilder->get()
#4 C:\Users\Udin C\Documents\kuliah yansya\semester 4\PemroWeb\UAS\ci4\system\CodeIgniter.php(974): App\Controllers\BookController->index()
#5 C:\Users\Udin C\Documents\kuliah yansya\semester 4\PemroWeb\UAS\ci4\system\CodeIgniter.php(520): CodeIgniter\CodeIgniter->runController(Object(App\Controllers\BookController))
#6 C:\Users\Udin C\Documents\kuliah yansya\semester 4\PemroWeb\UAS\ci4\system\CodeIgniter.php(363): CodeIgniter\CodeIgniter->handleRequest(NULL, Object(Config\Cache), false)
#7 C:\Users\Udin C\Documents\kuliah yansya\semester 4\PemroWeb\UAS\ci4\system\Boot.php(417): CodeIgniter\CodeIgniter->run()
#8 C:\Users\Udin C\Documents\kuliah yansya\semester 4\PemroWeb\UAS\ci4\system\Boot.php(68): CodeIgniter\Boot::runCodeIgniter(Object(CodeIgniter\CodeIgniter))
#9 C:\Users\Udin C\Documents\kuliah yansya\semester 4\PemroWeb\UAS\ci4\public\index.php(59): CodeIgniter\Boot::bootWeb(Object(Config\Paths))
#10 C:\Users\Udin C\Documents\kuliah yansya\semester 4\PemroWeb\UAS\ci4\system\rewrite.php(44): require_once('C:\\Users\\Udin C...')
#11 {main}
CRITICAL - 2026-06-11 10:12:32 --> CodeIgniter\Database\Exceptions\DatabaseException: Unable to connect to the database.
Main connection [MySQLi]: Invalid character set was provided
[Method: GET, Route: books]
in SYSTEMPATH\Database\BaseConnection.php on line 606.
 1 SYSTEMPATH\Database\BaseConnection.php(795): CodeIgniter\Database\BaseConnection->initialize()
 2 SYSTEMPATH\Database\BaseBuilder.php(1647): CodeIgniter\Database\BaseConnection->query('SELECT `b`.*, `g`.`name` as `genre_name`
FROM `books` `b`
LEFT JOIN `genres` `g` ON `g`.`id` = `b`.`genre_id`', [], false)
 3 APPPATH\Controllers\BookController.php(16): CodeIgniter\Database\BaseBuilder->get()
 4 SYSTEMPATH\CodeIgniter.php(974): App\Controllers\BookController->index()
 5 SYSTEMPATH\CodeIgniter.php(520): CodeIgniter\CodeIgniter->runController(Object(App\Controllers\BookController))
 6 SYSTEMPATH\CodeIgniter.php(363): CodeIgniter\CodeIgniter->handleRequest(null, Object(Config\Cache), false)
 7 SYSTEMPATH\Boot.php(417): CodeIgniter\CodeIgniter->run()
 8 SYSTEMPATH\Boot.php(68): CodeIgniter\Boot::runCodeIgniter(Object(CodeIgniter\CodeIgniter))
 9 FCPATH\index.php(59): CodeIgniter\Boot::bootWeb(Object(Config\Paths))
10 SYSTEMPATH\rewrite.php(44): require_once('C:\\Users\\Udin C\\Documents\\kuliah yansya\\semester 4\\PemroWeb\\UAS\\ci4\\public\\index.php')
ERROR - 2026-06-11 10:12:35 --> Error connecting to the database: mysqli_sql_exception: Invalid character set was provided in C:\Users\Udin C\Documents\kuliah yansya\semester 4\PemroWeb\UAS\ci4\system\Database\MySQLi\Connection.php:210
Stack trace:
#0 C:\Users\Udin C\Documents\kuliah yansya\semester 4\PemroWeb\UAS\ci4\system\Database\MySQLi\Connection.php(210): mysqli->set_charset('')
#1 C:\Users\Udin C\Documents\kuliah yansya\semester 4\PemroWeb\UAS\ci4\system\Database\BaseConnection.php(555): CodeIgniter\Database\MySQLi\Connection->connect(false)
#2 C:\Users\Udin C\Documents\kuliah yansya\semester 4\PemroWeb\UAS\ci4\system\Database\BaseConnection.php(795): CodeIgniter\Database\BaseConnection->initialize()
#3 C:\Users\Udin C\Documents\kuliah yansya\semester 4\PemroWeb\UAS\ci4\system\Database\BaseBuilder.php(1647): CodeIgniter\Database\BaseConnection->query('SELECT `b`.*, `...', Array, false)
#4 C:\Users\Udin C\Documents\kuliah yansya\semester 4\PemroWeb\UAS\ci4\app\Controllers\BookController.php(16): CodeIgniter\Database\BaseBuilder->get()
#5 C:\Users\Udin C\Documents\kuliah yansya\semester 4\PemroWeb\UAS\ci4\system\CodeIgniter.php(974): App\Controllers\BookController->index()
#6 C:\Users\Udin C\Documents\kuliah yansya\semester 4\PemroWeb\UAS\ci4\system\CodeIgniter.php(520): CodeIgniter\CodeIgniter->runController(Object(App\Controllers\BookController))
#7 C:\Users\Udin C\Documents\kuliah yansya\semester 4\PemroWeb\UAS\ci4\system\CodeIgniter.php(363): CodeIgniter\CodeIgniter->handleRequest(NULL, Object(Config\Cache), false)
#8 C:\Users\Udin C\Documents\kuliah yansya\semester 4\PemroWeb\UAS\ci4\system\Boot.php(417): CodeIgniter\CodeIgniter->run()
#9 C:\Users\Udin C\Documents\kuliah yansya\semester 4\PemroWeb\UAS\ci4\system\Boot.php(68): CodeIgniter\Boot::runCodeIgniter(Object(CodeIgniter\CodeIgniter))
#10 C:\Users\Udin C\Documents\kuliah yansya\semester 4\PemroWeb\UAS\ci4\public\index.php(59): CodeIgniter\Boot::bootWeb(Object(Config\Paths))
#11 C:\Users\Udin C\Documents\kuliah yansya\semester 4\PemroWeb\UAS\ci4\system\rewrite.php(44): require_once('C:\\Users\\Udin C...')
#12 {main}

Next CodeIgniter\Database\Exceptions\DatabaseException: Invalid character set was provided in C:\Users\Udin C\Documents\kuliah yansya\semester 4\PemroWeb\UAS\ci4\system\Database\MySQLi\Connection.php:231
Stack trace:
#0 C:\Users\Udin C\Documents\kuliah yansya\semester 4\PemroWeb\UAS\ci4\system\Database\BaseConnection.php(555): CodeIgniter\Database\MySQLi\Connection->connect(false)
#1 C:\Users\Udin C\Documents\kuliah yansya\semester 4\PemroWeb\UAS\ci4\system\Database\BaseConnection.php(795): CodeIgniter\Database\BaseConnection->initialize()
#2 C:\Users\Udin C\Documents\kuliah yansya\semester 4\PemroWeb\UAS\ci4\system\Database\BaseBuilder.php(1647): CodeIgniter\Database\BaseConnection->query('SELECT `b`.*, `...', Array, false)
#3 C:\Users\Udin C\Documents\kuliah yansya\semester 4\PemroWeb\UAS\ci4\app\Controllers\BookController.php(16): CodeIgniter\Database\BaseBuilder->get()
#4 C:\Users\Udin C\Documents\kuliah yansya\semester 4\PemroWeb\UAS\ci4\system\CodeIgniter.php(974): App\Controllers\BookController->index()
#5 C:\Users\Udin C\Documents\kuliah yansya\semester 4\PemroWeb\UAS\ci4\system\CodeIgniter.php(520): CodeIgniter\CodeIgniter->runController(Object(App\Controllers\BookController))
#6 C:\Users\Udin C\Documents\kuliah yansya\semester 4\PemroWeb\UAS\ci4\system\CodeIgniter.php(363): CodeIgniter\CodeIgniter->handleRequest(NULL, Object(Config\Cache), false)
#7 C:\Users\Udin C\Documents\kuliah yansya\semester 4\PemroWeb\UAS\ci4\system\Boot.php(417): CodeIgniter\CodeIgniter->run()
#8 C:\Users\Udin C\Documents\kuliah yansya\semester 4\PemroWeb\UAS\ci4\system\Boot.php(68): CodeIgniter\Boot::runCodeIgniter(Object(CodeIgniter\CodeIgniter))
#9 C:\Users\Udin C\Documents\kuliah yansya\semester 4\PemroWeb\UAS\ci4\public\index.php(59): CodeIgniter\Boot::bootWeb(Object(Config\Paths))
#10 C:\Users\Udin C\Documents\kuliah yansya\semester 4\PemroWeb\UAS\ci4\system\rewrite.php(44): require_once('C:\\Users\\Udin C...')
#11 {main}
CRITICAL - 2026-06-11 10:12:35 --> CodeIgniter\Database\Exceptions\DatabaseException: Unable to connect to the database.
Main connection [MySQLi]: Invalid character set was provided
[Method: GET, Route: books]
in SYSTEMPATH\Database\BaseConnection.php on line 606.
 1 SYSTEMPATH\Database\BaseConnection.php(795): CodeIgniter\Database\BaseConnection->initialize()
 2 SYSTEMPATH\Database\BaseBuilder.php(1647): CodeIgniter\Database\BaseConnection->query('SELECT `b`.*, `g`.`name` as `genre_name`
FROM `books` `b`
LEFT JOIN `genres` `g` ON `g`.`id` = `b`.`genre_id`', [], false)
 3 APPPATH\Controllers\BookController.php(16): CodeIgniter\Database\BaseBuilder->get()
 4 SYSTEMPATH\CodeIgniter.php(974): App\Controllers\BookController->index()
 5 SYSTEMPATH\CodeIgniter.php(520): CodeIgniter\CodeIgniter->runController(Object(App\Controllers\BookController))
 6 SYSTEMPATH\CodeIgniter.php(363): CodeIgniter\CodeIgniter->handleRequest(null, Object(Config\Cache), false)
 7 SYSTEMPATH\Boot.php(417): CodeIgniter\CodeIgniter->run()
 8 SYSTEMPATH\Boot.php(68): CodeIgniter\Boot::runCodeIgniter(Object(CodeIgniter\CodeIgniter))
 9 FCPATH\index.php(59): CodeIgniter\Boot::bootWeb(Object(Config\Paths))
10 SYSTEMPATH\rewrite.php(44): require_once('C:\\Users\\Udin C\\Documents\\kuliah yansya\\semester 4\\PemroWeb\\UAS\\ci4\\public\\index.php')
ERROR - 2026-06-11 10:14:13 --> Error connecting to the database: mysqli_sql_exception: Invalid character set was provided in C:\Users\Udin C\Documents\kuliah yansya\semester 4\PemroWeb\UAS\ci4\system\Database\MySQLi\Connection.php:210
Stack trace:
#0 C:\Users\Udin C\Documents\kuliah yansya\semester 4\PemroWeb\UAS\ci4\system\Database\MySQLi\Connection.php(210): mysqli->set_charset('')
#1 C:\Users\Udin C\Documents\kuliah yansya\semester 4\PemroWeb\UAS\ci4\system\Database\BaseConnection.php(555): CodeIgniter\Database\MySQLi\Connection->connect(false)
#2 C:\Users\Udin C\Documents\kuliah yansya\semester 4\PemroWeb\UAS\ci4\system\Database\BaseConnection.php(795): CodeIgniter\Database\BaseConnection->initialize()
#3 C:\Users\Udin C\Documents\kuliah yansya\semester 4\PemroWeb\UAS\ci4\system\Database\BaseBuilder.php(1647): CodeIgniter\Database\BaseConnection->query('SELECT `b`.*, `...', Array, false)
#4 C:\Users\Udin C\Documents\kuliah yansya\semester 4\PemroWeb\UAS\ci4\app\Controllers\BookController.php(16): CodeIgniter\Database\BaseBuilder->get()
#5 C:\Users\Udin C\Documents\kuliah yansya\semester 4\PemroWeb\UAS\ci4\system\CodeIgniter.php(974): App\Controllers\BookController->index()
#6 C:\Users\Udin C\Documents\kuliah yansya\semester 4\PemroWeb\UAS\ci4\system\CodeIgniter.php(520): CodeIgniter\CodeIgniter->runController(Object(App\Controllers\BookController))
#7 C:\Users\Udin C\Documents\kuliah yansya\semester 4\PemroWeb\UAS\ci4\system\CodeIgniter.php(363): CodeIgniter\CodeIgniter->handleRequest(NULL, Object(Config\Cache), false)
#8 C:\Users\Udin C\Documents\kuliah yansya\semester 4\PemroWeb\UAS\ci4\system\Boot.php(417): CodeIgniter\CodeIgniter->run()
#9 C:\Users\Udin C\Documents\kuliah yansya\semester 4\PemroWeb\UAS\ci4\system\Boot.php(68): CodeIgniter\Boot::runCodeIgniter(Object(CodeIgniter\CodeIgniter))
#10 C:\Users\Udin C\Documents\kuliah yansya\semester 4\PemroWeb\UAS\ci4\public\index.php(59): CodeIgniter\Boot::bootWeb(Object(Config\Paths))
#11 C:\Users\Udin C\Documents\kuliah yansya\semester 4\PemroWeb\UAS\ci4\system\rewrite.php(44): require_once('C:\\Users\\Udin C...')
#12 {main}

Next CodeIgniter\Database\Exceptions\DatabaseException: Invalid character set was provided in C:\Users\Udin C\Documents\kuliah yansya\semester 4\PemroWeb\UAS\ci4\system\Database\MySQLi\Connection.php:231
Stack trace:
#0 C:\Users\Udin C\Documents\kuliah yansya\semester 4\PemroWeb\UAS\ci4\system\Database\BaseConnection.php(555): CodeIgniter\Database\MySQLi\Connection->connect(false)
#1 C:\Users\Udin C\Documents\kuliah yansya\semester 4\PemroWeb\UAS\ci4\system\Database\BaseConnection.php(795): CodeIgniter\Database\BaseConnection->initialize()
#2 C:\Users\Udin C\Documents\kuliah yansya\semester 4\PemroWeb\UAS\ci4\system\Database\BaseBuilder.php(1647): CodeIgniter\Database\BaseConnection->query('SELECT `b`.*, `...', Array, false)
#3 C:\Users\Udin C\Documents\kuliah yansya\semester 4\PemroWeb\UAS\ci4\app\Controllers\BookController.php(16): CodeIgniter\Database\BaseBuilder->get()
#4 C:\Users\Udin C\Documents\kuliah yansya\semester 4\PemroWeb\UAS\ci4\system\CodeIgniter.php(974): App\Controllers\BookController->index()
#5 C:\Users\Udin C\Documents\kuliah yansya\semester 4\PemroWeb\UAS\ci4\system\CodeIgniter.php(520): CodeIgniter\CodeIgniter->runController(Object(App\Controllers\BookController))
#6 C:\Users\Udin C\Documents\kuliah yansya\semester 4\PemroWeb\UAS\ci4\system\CodeIgniter.php(363): CodeIgniter\CodeIgniter->handleRequest(NULL, Object(Config\Cache), false)
#7 C:\Users\Udin C\Documents\kuliah yansya\semester 4\PemroWeb\UAS\ci4\system\Boot.php(417): CodeIgniter\CodeIgniter->run()
#8 C:\Users\Udin C\Documents\kuliah yansya\semester 4\PemroWeb\UAS\ci4\system\Boot.php(68): CodeIgniter\Boot::runCodeIgniter(Object(CodeIgniter\CodeIgniter))
#9 C:\Users\Udin C\Documents\kuliah yansya\semester 4\PemroWeb\UAS\ci4\public\index.php(59): CodeIgniter\Boot::bootWeb(Object(Config\Paths))
#10 C:\Users\Udin C\Documents\kuliah yansya\semester 4\PemroWeb\UAS\ci4\system\rewrite.php(44): require_once('C:\\Users\\Udin C...')
#11 {main}
CRITICAL - 2026-06-11 10:14:13 --> CodeIgniter\Database\Exceptions\DatabaseException: Unable to connect to the database.
Main connection [MySQLi]: Invalid character set was provided
[Method: GET, Route: books]
in SYSTEMPATH\Database\BaseConnection.php on line 606.
 1 SYSTEMPATH\Database\BaseConnection.php(795): CodeIgniter\Database\BaseConnection->initialize()
 2 SYSTEMPATH\Database\BaseBuilder.php(1647): CodeIgniter\Database\BaseConnection->query('SELECT `b`.*, `g`.`name` as `genre_name`
FROM `books` `b`
LEFT JOIN `genres` `g` ON `g`.`id` = `b`.`genre_id`', [], false)
 3 APPPATH\Controllers\BookController.php(16): CodeIgniter\Database\BaseBuilder->get()
 4 SYSTEMPATH\CodeIgniter.php(974): App\Controllers\BookController->index()
 5 SYSTEMPATH\CodeIgniter.php(520): CodeIgniter\CodeIgniter->runController(Object(App\Controllers\BookController))
 6 SYSTEMPATH\CodeIgniter.php(363): CodeIgniter\CodeIgniter->handleRequest(null, Object(Config\Cache), false)
 7 SYSTEMPATH\Boot.php(417): CodeIgniter\CodeIgniter->run()
 8 SYSTEMPATH\Boot.php(68): CodeIgniter\Boot::runCodeIgniter(Object(CodeIgniter\CodeIgniter))
 9 FCPATH\index.php(59): CodeIgniter\Boot::bootWeb(Object(Config\Paths))
10 SYSTEMPATH\rewrite.php(44): require_once('C:\\Users\\Udin C\\Documents\\kuliah yansya\\semester 4\\PemroWeb\\UAS\\ci4\\public\\index.php')
ERROR - 2026-06-11 10:18:55 --> Error connecting to the database: mysqli_sql_exception: Invalid character set was provided in C:\Users\Udin C\Documents\kuliah yansya\semester 4\PemroWeb\UAS\ci4\system\Database\MySQLi\Connection.php:210
Stack trace:
#0 C:\Users\Udin C\Documents\kuliah yansya\semester 4\PemroWeb\UAS\ci4\system\Database\MySQLi\Connection.php(210): mysqli->set_charset('')
#1 C:\Users\Udin C\Documents\kuliah yansya\semester 4\PemroWeb\UAS\ci4\system\Database\BaseConnection.php(555): CodeIgniter\Database\MySQLi\Connection->connect(false)
#2 C:\Users\Udin C\Documents\kuliah yansya\semester 4\PemroWeb\UAS\ci4\system\Database\BaseConnection.php(795): CodeIgniter\Database\BaseConnection->initialize()
#3 C:\Users\Udin C\Documents\kuliah yansya\semester 4\PemroWeb\UAS\ci4\system\Database\BaseBuilder.php(1647): CodeIgniter\Database\BaseConnection->query('SELECT `b`.*, `...', Array, false)
#4 C:\Users\Udin C\Documents\kuliah yansya\semester 4\PemroWeb\UAS\ci4\app\Controllers\BookController.php(16): CodeIgniter\Database\BaseBuilder->get()
#5 C:\Users\Udin C\Documents\kuliah yansya\semester 4\PemroWeb\UAS\ci4\system\CodeIgniter.php(974): App\Controllers\BookController->index()
#6 C:\Users\Udin C\Documents\kuliah yansya\semester 4\PemroWeb\UAS\ci4\system\CodeIgniter.php(520): CodeIgniter\CodeIgniter->runController(Object(App\Controllers\BookController))
#7 C:\Users\Udin C\Documents\kuliah yansya\semester 4\PemroWeb\UAS\ci4\system\CodeIgniter.php(363): CodeIgniter\CodeIgniter->handleRequest(NULL, Object(Config\Cache), false)
#8 C:\Users\Udin C\Documents\kuliah yansya\semester 4\PemroWeb\UAS\ci4\system\Boot.php(417): CodeIgniter\CodeIgniter->run()
#9 C:\Users\Udin C\Documents\kuliah yansya\semester 4\PemroWeb\UAS\ci4\system\Boot.php(68): CodeIgniter\Boot::runCodeIgniter(Object(CodeIgniter\CodeIgniter))
#10 C:\Users\Udin C\Documents\kuliah yansya\semester 4\PemroWeb\UAS\ci4\public\index.php(59): CodeIgniter\Boot::bootWeb(Object(Config\Paths))
#11 C:\Users\Udin C\Documents\kuliah yansya\semester 4\PemroWeb\UAS\ci4\system\rewrite.php(44): require_once('C:\\Users\\Udin C...')
#12 {main}

Next CodeIgniter\Database\Exceptions\DatabaseException: Invalid character set was provided in C:\Users\Udin C\Documents\kuliah yansya\semester 4\PemroWeb\UAS\ci4\system\Database\MySQLi\Connection.php:231
Stack trace:
#0 C:\Users\Udin C\Documents\kuliah yansya\semester 4\PemroWeb\UAS\ci4\system\Database\BaseConnection.php(555): CodeIgniter\Database\MySQLi\Connection->connect(false)
#1 C:\Users\Udin C\Documents\kuliah yansya\semester 4\PemroWeb\UAS\ci4\system\Database\BaseConnection.php(795): CodeIgniter\Database\BaseConnection->initialize()
#2 C:\Users\Udin C\Documents\kuliah yansya\semester 4\PemroWeb\UAS\ci4\system\Database\BaseBuilder.php(1647): CodeIgniter\Database\BaseConnection->query('SELECT `b`.*, `...', Array, false)
#3 C:\Users\Udin C\Documents\kuliah yansya\semester 4\PemroWeb\UAS\ci4\app\Controllers\BookController.php(16): CodeIgniter\Database\BaseBuilder->get()
#4 C:\Users\Udin C\Documents\kuliah yansya\semester 4\PemroWeb\UAS\ci4\system\CodeIgniter.php(974): App\Controllers\BookController->index()
#5 C:\Users\Udin C\Documents\kuliah yansya\semester 4\PemroWeb\UAS\ci4\system\CodeIgniter.php(520): CodeIgniter\CodeIgniter->runController(Object(App\Controllers\BookController))
#6 C:\Users\Udin C\Documents\kuliah yansya\semester 4\PemroWeb\UAS\ci4\system\CodeIgniter.php(363): CodeIgniter\CodeIgniter->handleRequest(NULL, Object(Config\Cache), false)
#7 C:\Users\Udin C\Documents\kuliah yansya\semester 4\PemroWeb\UAS\ci4\system\Boot.php(417): CodeIgniter\CodeIgniter->run()
#8 C:\Users\Udin C\Documents\kuliah yansya\semester 4\PemroWeb\UAS\ci4\system\Boot.php(68): CodeIgniter\Boot::runCodeIgniter(Object(CodeIgniter\CodeIgniter))
#9 C:\Users\Udin C\Documents\kuliah yansya\semester 4\PemroWeb\UAS\ci4\public\index.php(59): CodeIgniter\Boot::bootWeb(Object(Config\Paths))
#10 C:\Users\Udin C\Documents\kuliah yansya\semester 4\PemroWeb\UAS\ci4\system\rewrite.php(44): require_once('C:\\Users\\Udin C...')
#11 {main}
CRITICAL - 2026-06-11 10:18:55 --> CodeIgniter\Database\Exceptions\DatabaseException: Unable to connect to the database.
Main connection [MySQLi]: Invalid character set was provided
[Method: GET, Route: books]
in SYSTEMPATH\Database\BaseConnection.php on line 606.
 1 SYSTEMPATH\Database\BaseConnection.php(795): CodeIgniter\Database\BaseConnection->initialize()
 2 SYSTEMPATH\Database\BaseBuilder.php(1647): CodeIgniter\Database\BaseConnection->query('SELECT `b`.*, `g`.`name` as `genre_name`
FROM `books` `b`
LEFT JOIN `genres` `g` ON `g`.`id` = `b`.`genre_id`', [], false)
 3 APPPATH\Controllers\BookController.php(16): CodeIgniter\Database\BaseBuilder->get()
 4 SYSTEMPATH\CodeIgniter.php(974): App\Controllers\BookController->index()
 5 SYSTEMPATH\CodeIgniter.php(520): CodeIgniter\CodeIgniter->runController(Object(App\Controllers\BookController))
 6 SYSTEMPATH\CodeIgniter.php(363): CodeIgniter\CodeIgniter->handleRequest(null, Object(Config\Cache), false)
 7 SYSTEMPATH\Boot.php(417): CodeIgniter\CodeIgniter->run()
 8 SYSTEMPATH\Boot.php(68): CodeIgniter\Boot::runCodeIgniter(Object(CodeIgniter\CodeIgniter))
 9 FCPATH\index.php(59): CodeIgniter\Boot::bootWeb(Object(Config\Paths))
10 SYSTEMPATH\rewrite.php(44): require_once('C:\\Users\\Udin C\\Documents\\kuliah yansya\\semester 4\\PemroWeb\\UAS\\ci4\\public\\index.php')
ERROR - 2026-06-11 10:23:05 --> Error connecting to the database: mysqli_sql_exception: Invalid character set was provided in C:\Users\Udin C\Documents\kuliah yansya\semester 4\PemroWeb\UAS\ci4\system\Database\MySQLi\Connection.php:210
Stack trace:
#0 C:\Users\Udin C\Documents\kuliah yansya\semester 4\PemroWeb\UAS\ci4\system\Database\MySQLi\Connection.php(210): mysqli->set_charset('')
#1 C:\Users\Udin C\Documents\kuliah yansya\semester 4\PemroWeb\UAS\ci4\system\Database\BaseConnection.php(555): CodeIgniter\Database\MySQLi\Connection->connect(false)
#2 C:\Users\Udin C\Documents\kuliah yansya\semester 4\PemroWeb\UAS\ci4\system\Database\BaseConnection.php(795): CodeIgniter\Database\BaseConnection->initialize()
#3 C:\Users\Udin C\Documents\kuliah yansya\semester 4\PemroWeb\UAS\ci4\system\Database\BaseBuilder.php(1647): CodeIgniter\Database\BaseConnection->query('SELECT `b`.*, `...', Array, false)
#4 C:\Users\Udin C\Documents\kuliah yansya\semester 4\PemroWeb\UAS\ci4\app\Controllers\BookController.php(16): CodeIgniter\Database\BaseBuilder->get()
#5 C:\Users\Udin C\Documents\kuliah yansya\semester 4\PemroWeb\UAS\ci4\system\CodeIgniter.php(974): App\Controllers\BookController->index()
#6 C:\Users\Udin C\Documents\kuliah yansya\semester 4\PemroWeb\UAS\ci4\system\CodeIgniter.php(520): CodeIgniter\CodeIgniter->runController(Object(App\Controllers\BookController))
#7 C:\Users\Udin C\Documents\kuliah yansya\semester 4\PemroWeb\UAS\ci4\system\CodeIgniter.php(363): CodeIgniter\CodeIgniter->handleRequest(NULL, Object(Config\Cache), false)
#8 C:\Users\Udin C\Documents\kuliah yansya\semester 4\PemroWeb\UAS\ci4\system\Boot.php(417): CodeIgniter\CodeIgniter->run()
#9 C:\Users\Udin C\Documents\kuliah yansya\semester 4\PemroWeb\UAS\ci4\system\Boot.php(68): CodeIgniter\Boot::runCodeIgniter(Object(CodeIgniter\CodeIgniter))
#10 C:\Users\Udin C\Documents\kuliah yansya\semester 4\PemroWeb\UAS\ci4\public\index.php(59): CodeIgniter\Boot::bootWeb(Object(Config\Paths))
#11 C:\Users\Udin C\Documents\kuliah yansya\semester 4\PemroWeb\UAS\ci4\system\rewrite.php(44): require_once('C:\\Users\\Udin C...')
#12 {main}

Next CodeIgniter\Database\Exceptions\DatabaseException: Invalid character set was provided in C:\Users\Udin C\Documents\kuliah yansya\semester 4\PemroWeb\UAS\ci4\system\Database\MySQLi\Connection.php:231
Stack trace:
#0 C:\Users\Udin C\Documents\kuliah yansya\semester 4\PemroWeb\UAS\ci4\system\Database\BaseConnection.php(555): CodeIgniter\Database\MySQLi\Connection->connect(false)
#1 C:\Users\Udin C\Documents\kuliah yansya\semester 4\PemroWeb\UAS\ci4\system\Database\BaseConnection.php(795): CodeIgniter\Database\BaseConnection->initialize()
#2 C:\Users\Udin C\Documents\kuliah yansya\semester 4\PemroWeb\UAS\ci4\system\Database\BaseBuilder.php(1647): CodeIgniter\Database\BaseConnection->query('SELECT `b`.*, `...', Array, false)
#3 C:\Users\Udin C\Documents\kuliah yansya\semester 4\PemroWeb\UAS\ci4\app\Controllers\BookController.php(16): CodeIgniter\Database\BaseBuilder->get()
#4 C:\Users\Udin C\Documents\kuliah yansya\semester 4\PemroWeb\UAS\ci4\system\CodeIgniter.php(974): App\Controllers\BookController->index()
#5 C:\Users\Udin C\Documents\kuliah yansya\semester 4\PemroWeb\UAS\ci4\system\CodeIgniter.php(520): CodeIgniter\CodeIgniter->runController(Object(App\Controllers\BookController))
#6 C:\Users\Udin C\Documents\kuliah yansya\semester 4\PemroWeb\UAS\ci4\system\CodeIgniter.php(363): CodeIgniter\CodeIgniter->handleRequest(NULL, Object(Config\Cache), false)
#7 C:\Users\Udin C\Documents\kuliah yansya\semester 4\PemroWeb\UAS\ci4\system\Boot.php(417): CodeIgniter\CodeIgniter->run()
#8 C:\Users\Udin C\Documents\kuliah yansya\semester 4\PemroWeb\UAS\ci4\system\Boot.php(68): CodeIgniter\Boot::runCodeIgniter(Object(CodeIgniter\CodeIgniter))
#9 C:\Users\Udin C\Documents\kuliah yansya\semester 4\PemroWeb\UAS\ci4\public\index.php(59): CodeIgniter\Boot::bootWeb(Object(Config\Paths))
#10 C:\Users\Udin C\Documents\kuliah yansya\semester 4\PemroWeb\UAS\ci4\system\rewrite.php(44): require_once('C:\\Users\\Udin C...')
#11 {main}
CRITICAL - 2026-06-11 10:23:05 --> CodeIgniter\Database\Exceptions\DatabaseException: Unable to connect to the database.
Main connection [MySQLi]: Invalid character set was provided
[Method: GET, Route: books]
in SYSTEMPATH\Database\BaseConnection.php on line 606.
 1 SYSTEMPATH\Database\BaseConnection.php(795): CodeIgniter\Database\BaseConnection->initialize()
 2 SYSTEMPATH\Database\BaseBuilder.php(1647): CodeIgniter\Database\BaseConnection->query('SELECT `b`.*, `g`.`name` as `genre_name`
FROM `books` `b`
LEFT JOIN `genres` `g` ON `g`.`id` = `b`.`genre_id`', [], false)
 3 APPPATH\Controllers\BookController.php(16): CodeIgniter\Database\BaseBuilder->get()
 4 SYSTEMPATH\CodeIgniter.php(974): App\Controllers\BookController->index()
 5 SYSTEMPATH\CodeIgniter.php(520): CodeIgniter\CodeIgniter->runController(Object(App\Controllers\BookController))
 6 SYSTEMPATH\CodeIgniter.php(363): CodeIgniter\CodeIgniter->handleRequest(null, Object(Config\Cache), false)
 7 SYSTEMPATH\Boot.php(417): CodeIgniter\CodeIgniter->run()
 8 SYSTEMPATH\Boot.php(68): CodeIgniter\Boot::runCodeIgniter(Object(CodeIgniter\CodeIgniter))
 9 FCPATH\index.php(59): CodeIgniter\Boot::bootWeb(Object(Config\Paths))
10 SYSTEMPATH\rewrite.php(44): require_once('C:\\Users\\Udin C\\Documents\\kuliah yansya\\semester 4\\PemroWeb\\UAS\\ci4\\public\\index.php')
ERROR - 2026-06-11 10:24:29 --> Error connecting to the database: mysqli_sql_exception: Invalid character set was provided in C:\Users\Udin C\Documents\kuliah yansya\semester 4\PemroWeb\UAS\ci4\system\Database\MySQLi\Connection.php:210
Stack trace:
#0 C:\Users\Udin C\Documents\kuliah yansya\semester 4\PemroWeb\UAS\ci4\system\Database\MySQLi\Connection.php(210): mysqli->set_charset('')
#1 C:\Users\Udin C\Documents\kuliah yansya\semester 4\PemroWeb\UAS\ci4\system\Database\BaseConnection.php(555): CodeIgniter\Database\MySQLi\Connection->connect(false)
#2 C:\Users\Udin C\Documents\kuliah yansya\semester 4\PemroWeb\UAS\ci4\system\Database\BaseConnection.php(795): CodeIgniter\Database\BaseConnection->initialize()
#3 C:\Users\Udin C\Documents\kuliah yansya\semester 4\PemroWeb\UAS\ci4\system\Database\BaseBuilder.php(1647): CodeIgniter\Database\BaseConnection->query('SELECT `b`.*, `...', Array, false)
#4 C:\Users\Udin C\Documents\kuliah yansya\semester 4\PemroWeb\UAS\ci4\app\Controllers\BookController.php(16): CodeIgniter\Database\BaseBuilder->get()
#5 C:\Users\Udin C\Documents\kuliah yansya\semester 4\PemroWeb\UAS\ci4\system\CodeIgniter.php(974): App\Controllers\BookController->index()
#6 C:\Users\Udin C\Documents\kuliah yansya\semester 4\PemroWeb\UAS\ci4\system\CodeIgniter.php(520): CodeIgniter\CodeIgniter->runController(Object(App\Controllers\BookController))
#7 C:\Users\Udin C\Documents\kuliah yansya\semester 4\PemroWeb\UAS\ci4\system\CodeIgniter.php(363): CodeIgniter\CodeIgniter->handleRequest(NULL, Object(Config\Cache), false)
#8 C:\Users\Udin C\Documents\kuliah yansya\semester 4\PemroWeb\UAS\ci4\system\Boot.php(417): CodeIgniter\CodeIgniter->run()
#9 C:\Users\Udin C\Documents\kuliah yansya\semester 4\PemroWeb\UAS\ci4\system\Boot.php(68): CodeIgniter\Boot::runCodeIgniter(Object(CodeIgniter\CodeIgniter))
#10 C:\Users\Udin C\Documents\kuliah yansya\semester 4\PemroWeb\UAS\ci4\public\index.php(59): CodeIgniter\Boot::bootWeb(Object(Config\Paths))
#11 C:\Users\Udin C\Documents\kuliah yansya\semester 4\PemroWeb\UAS\ci4\system\rewrite.php(44): require_once('C:\\Users\\Udin C...')
#12 {main}

Next CodeIgniter\Database\Exceptions\DatabaseException: Invalid character set was provided in C:\Users\Udin C\Documents\kuliah yansya\semester 4\PemroWeb\UAS\ci4\system\Database\MySQLi\Connection.php:231
Stack trace:
#0 C:\Users\Udin C\Documents\kuliah yansya\semester 4\PemroWeb\UAS\ci4\system\Database\BaseConnection.php(555): CodeIgniter\Database\MySQLi\Connection->connect(false)
#1 C:\Users\Udin C\Documents\kuliah yansya\semester 4\PemroWeb\UAS\ci4\system\Database\BaseConnection.php(795): CodeIgniter\Database\BaseConnection->initialize()
#2 C:\Users\Udin C\Documents\kuliah yansya\semester 4\PemroWeb\UAS\ci4\system\Database\BaseBuilder.php(1647): CodeIgniter\Database\BaseConnection->query('SELECT `b`.*, `...', Array, false)
#3 C:\Users\Udin C\Documents\kuliah yansya\semester 4\PemroWeb\UAS\ci4\app\Controllers\BookController.php(16): CodeIgniter\Database\BaseBuilder->get()
#4 C:\Users\Udin C\Documents\kuliah yansya\semester 4\PemroWeb\UAS\ci4\system\CodeIgniter.php(974): App\Controllers\BookController->index()
#5 C:\Users\Udin C\Documents\kuliah yansya\semester 4\PemroWeb\UAS\ci4\system\CodeIgniter.php(520): CodeIgniter\CodeIgniter->runController(Object(App\Controllers\BookController))
#6 C:\Users\Udin C\Documents\kuliah yansya\semester 4\PemroWeb\UAS\ci4\system\CodeIgniter.php(363): CodeIgniter\CodeIgniter->handleRequest(NULL, Object(Config\Cache), false)
#7 C:\Users\Udin C\Documents\kuliah yansya\semester 4\PemroWeb\UAS\ci4\system\Boot.php(417): CodeIgniter\CodeIgniter->run()
#8 C:\Users\Udin C\Documents\kuliah yansya\semester 4\PemroWeb\UAS\ci4\system\Boot.php(68): CodeIgniter\Boot::runCodeIgniter(Object(CodeIgniter\CodeIgniter))
#9 C:\Users\Udin C\Documents\kuliah yansya\semester 4\PemroWeb\UAS\ci4\public\index.php(59): CodeIgniter\Boot::bootWeb(Object(Config\Paths))
#10 C:\Users\Udin C\Documents\kuliah yansya\semester 4\PemroWeb\UAS\ci4\system\rewrite.php(44): require_once('C:\\Users\\Udin C...')
#11 {main}
CRITICAL - 2026-06-11 10:24:29 --> CodeIgniter\Database\Exceptions\DatabaseException: Unable to connect to the database.
Main connection [MySQLi]: Invalid character set was provided
[Method: GET, Route: books]
in SYSTEMPATH\Database\BaseConnection.php on line 606.
 1 SYSTEMPATH\Database\BaseConnection.php(795): CodeIgniter\Database\BaseConnection->initialize()
 2 SYSTEMPATH\Database\BaseBuilder.php(1647): CodeIgniter\Database\BaseConnection->query('SELECT `b`.*, `g`.`name` as `genre_name`
FROM `books` `b`
LEFT JOIN `genres` `g` ON `g`.`id` = `b`.`genre_id`', [], false)
 3 APPPATH\Controllers\BookController.php(16): CodeIgniter\Database\BaseBuilder->get()
 4 SYSTEMPATH\CodeIgniter.php(974): App\Controllers\BookController->index()
 5 SYSTEMPATH\CodeIgniter.php(520): CodeIgniter\CodeIgniter->runController(Object(App\Controllers\BookController))
 6 SYSTEMPATH\CodeIgniter.php(363): CodeIgniter\CodeIgniter->handleRequest(null, Object(Config\Cache), false)
 7 SYSTEMPATH\Boot.php(417): CodeIgniter\CodeIgniter->run()
 8 SYSTEMPATH\Boot.php(68): CodeIgniter\Boot::runCodeIgniter(Object(CodeIgniter\CodeIgniter))
 9 FCPATH\index.php(59): CodeIgniter\Boot::bootWeb(Object(Config\Paths))
10 SYSTEMPATH\rewrite.php(44): require_once('C:\\Users\\Udin C\\Documents\\kuliah yansya\\semester 4\\PemroWeb\\UAS\\ci4\\public\\index.php')
CRITICAL - 2026-06-11 10:29:45 --> ErrorException: Cannot declare class App\Controllers\BookController, because the name is already in use
[Method: CLI, Route: routes]
in APPPATH\Controllers\GenreController.php on line 6.
 1 [internal function]: CodeIgniter\Debug\Exceptions->shutdownHandler()
CRITICAL - 2026-06-11 10:31:24 --> ErrorException: Cannot declare class App\Controllers\BookController, because the name is already in use
[Method: CLI, Route: routes]
in APPPATH\Controllers\MemberController.php on line 6.
 1 [internal function]: CodeIgniter\Debug\Exceptions->shutdownHandler()
ERROR - 2026-06-11 10:34:05 --> Error connecting to the database: mysqli_sql_exception: Invalid character set was provided in C:\Users\Udin C\Documents\kuliah yansya\semester 4\PemroWeb\UAS\ci4\system\Database\MySQLi\Connection.php:210
Stack trace:
#0 C:\Users\Udin C\Documents\kuliah yansya\semester 4\PemroWeb\UAS\ci4\system\Database\MySQLi\Connection.php(210): mysqli->set_charset('')
#1 C:\Users\Udin C\Documents\kuliah yansya\semester 4\PemroWeb\UAS\ci4\system\Database\BaseConnection.php(555): CodeIgniter\Database\MySQLi\Connection->connect(false)
#2 C:\Users\Udin C\Documents\kuliah yansya\semester 4\PemroWeb\UAS\ci4\system\Database\BaseConnection.php(795): CodeIgniter\Database\BaseConnection->initialize()
#3 C:\Users\Udin C\Documents\kuliah yansya\semester 4\PemroWeb\UAS\ci4\system\Database\BaseBuilder.php(1647): CodeIgniter\Database\BaseConnection->query('SELECT `b`.*, `...', Array, false)
#4 C:\Users\Udin C\Documents\kuliah yansya\semester 4\PemroWeb\UAS\ci4\app\Controllers\BookController.php(16): CodeIgniter\Database\BaseBuilder->get()
#5 C:\Users\Udin C\Documents\kuliah yansya\semester 4\PemroWeb\UAS\ci4\system\CodeIgniter.php(974): App\Controllers\BookController->index()
#6 C:\Users\Udin C\Documents\kuliah yansya\semester 4\PemroWeb\UAS\ci4\system\CodeIgniter.php(520): CodeIgniter\CodeIgniter->runController(Object(App\Controllers\BookController))
#7 C:\Users\Udin C\Documents\kuliah yansya\semester 4\PemroWeb\UAS\ci4\system\CodeIgniter.php(363): CodeIgniter\CodeIgniter->handleRequest(NULL, Object(Config\Cache), false)
#8 C:\Users\Udin C\Documents\kuliah yansya\semester 4\PemroWeb\UAS\ci4\system\Boot.php(417): CodeIgniter\CodeIgniter->run()
#9 C:\Users\Udin C\Documents\kuliah yansya\semester 4\PemroWeb\UAS\ci4\system\Boot.php(68): CodeIgniter\Boot::runCodeIgniter(Object(CodeIgniter\CodeIgniter))
#10 C:\Users\Udin C\Documents\kuliah yansya\semester 4\PemroWeb\UAS\ci4\public\index.php(59): CodeIgniter\Boot::bootWeb(Object(Config\Paths))
#11 C:\Users\Udin C\Documents\kuliah yansya\semester 4\PemroWeb\UAS\ci4\system\rewrite.php(44): require_once('C:\\Users\\Udin C...')
#12 {main}

Next CodeIgniter\Database\Exceptions\DatabaseException: Invalid character set was provided in C:\Users\Udin C\Documents\kuliah yansya\semester 4\PemroWeb\UAS\ci4\system\Database\MySQLi\Connection.php:231
Stack trace:
#0 C:\Users\Udin C\Documents\kuliah yansya\semester 4\PemroWeb\UAS\ci4\system\Database\BaseConnection.php(555): CodeIgniter\Database\MySQLi\Connection->connect(false)
#1 C:\Users\Udin C\Documents\kuliah yansya\semester 4\PemroWeb\UAS\ci4\system\Database\BaseConnection.php(795): CodeIgniter\Database\BaseConnection->initialize()
#2 C:\Users\Udin C\Documents\kuliah yansya\semester 4\PemroWeb\UAS\ci4\system\Database\BaseBuilder.php(1647): CodeIgniter\Database\BaseConnection->query('SELECT `b`.*, `...', Array, false)
#3 C:\Users\Udin C\Documents\kuliah yansya\semester 4\PemroWeb\UAS\ci4\app\Controllers\BookController.php(16): CodeIgniter\Database\BaseBuilder->get()
#4 C:\Users\Udin C\Documents\kuliah yansya\semester 4\PemroWeb\UAS\ci4\system\CodeIgniter.php(974): App\Controllers\BookController->index()
#5 C:\Users\Udin C\Documents\kuliah yansya\semester 4\PemroWeb\UAS\ci4\system\CodeIgniter.php(520): CodeIgniter\CodeIgniter->runController(Object(App\Controllers\BookController))
#6 C:\Users\Udin C\Documents\kuliah yansya\semester 4\PemroWeb\UAS\ci4\system\CodeIgniter.php(363): CodeIgniter\CodeIgniter->handleRequest(NULL, Object(Config\Cache), false)
#7 C:\Users\Udin C\Documents\kuliah yansya\semester 4\PemroWeb\UAS\ci4\system\Boot.php(417): CodeIgniter\CodeIgniter->run()
#8 C:\Users\Udin C\Documents\kuliah yansya\semester 4\PemroWeb\UAS\ci4\system\Boot.php(68): CodeIgniter\Boot::runCodeIgniter(Object(CodeIgniter\CodeIgniter))
#9 C:\Users\Udin C\Documents\kuliah yansya\semester 4\PemroWeb\UAS\ci4\public\index.php(59): CodeIgniter\Boot::bootWeb(Object(Config\Paths))
#10 C:\Users\Udin C\Documents\kuliah yansya\semester 4\PemroWeb\UAS\ci4\system\rewrite.php(44): require_once('C:\\Users\\Udin C...')
#11 {main}
CRITICAL - 2026-06-11 10:34:05 --> CodeIgniter\Database\Exceptions\DatabaseException: Unable to connect to the database.
Main connection [MySQLi]: Invalid character set was provided
[Method: GET, Route: books]
in SYSTEMPATH\Database\BaseConnection.php on line 606.
 1 SYSTEMPATH\Database\BaseConnection.php(795): CodeIgniter\Database\BaseConnection->initialize()
 2 SYSTEMPATH\Database\BaseBuilder.php(1647): CodeIgniter\Database\BaseConnection->query('SELECT `b`.*, `g`.`name` as `genre_name`
FROM `books` `b`
LEFT JOIN `genres` `g` ON `g`.`id` = `b`.`genre_id`', [], false)
 3 APPPATH\Controllers\BookController.php(16): CodeIgniter\Database\BaseBuilder->get()
 4 SYSTEMPATH\CodeIgniter.php(974): App\Controllers\BookController->index()
 5 SYSTEMPATH\CodeIgniter.php(520): CodeIgniter\CodeIgniter->runController(Object(App\Controllers\BookController))
 6 SYSTEMPATH\CodeIgniter.php(363): CodeIgniter\CodeIgniter->handleRequest(null, Object(Config\Cache), false)
 7 SYSTEMPATH\Boot.php(417): CodeIgniter\CodeIgniter->run()
 8 SYSTEMPATH\Boot.php(68): CodeIgniter\Boot::runCodeIgniter(Object(CodeIgniter\CodeIgniter))
 9 FCPATH\index.php(59): CodeIgniter\Boot::bootWeb(Object(Config\Paths))
10 SYSTEMPATH\rewrite.php(44): require_once('C:\\Users\\Udin C\\Documents\\kuliah yansya\\semester 4\\PemroWeb\\UAS\\ci4\\public\\index.php')
ERROR - 2026-06-11 10:36:27 --> Error connecting to the database: mysqli_sql_exception: Invalid character set was provided in C:\Users\Udin C\Documents\kuliah yansya\semester 4\PemroWeb\UAS\ci4\system\Database\MySQLi\Connection.php:210
Stack trace:
#0 C:\Users\Udin C\Documents\kuliah yansya\semester 4\PemroWeb\UAS\ci4\system\Database\MySQLi\Connection.php(210): mysqli->set_charset('')
#1 C:\Users\Udin C\Documents\kuliah yansya\semester 4\PemroWeb\UAS\ci4\system\Database\BaseConnection.php(555): CodeIgniter\Database\MySQLi\Connection->connect(false)
#2 C:\Users\Udin C\Documents\kuliah yansya\semester 4\PemroWeb\UAS\ci4\system\Database\BaseConnection.php(795): CodeIgniter\Database\BaseConnection->initialize()
#3 C:\Users\Udin C\Documents\kuliah yansya\semester 4\PemroWeb\UAS\ci4\system\Database\BaseBuilder.php(1647): CodeIgniter\Database\BaseConnection->query('SELECT `b`.*, `...', Array, false)
#4 C:\Users\Udin C\Documents\kuliah yansya\semester 4\PemroWeb\UAS\ci4\app\Controllers\BookController.php(16): CodeIgniter\Database\BaseBuilder->get()
#5 C:\Users\Udin C\Documents\kuliah yansya\semester 4\PemroWeb\UAS\ci4\system\CodeIgniter.php(974): App\Controllers\BookController->index()
#6 C:\Users\Udin C\Documents\kuliah yansya\semester 4\PemroWeb\UAS\ci4\system\CodeIgniter.php(520): CodeIgniter\CodeIgniter->runController(Object(App\Controllers\BookController))
#7 C:\Users\Udin C\Documents\kuliah yansya\semester 4\PemroWeb\UAS\ci4\system\CodeIgniter.php(363): CodeIgniter\CodeIgniter->handleRequest(NULL, Object(Config\Cache), false)
#8 C:\Users\Udin C\Documents\kuliah yansya\semester 4\PemroWeb\UAS\ci4\system\Boot.php(417): CodeIgniter\CodeIgniter->run()
#9 C:\Users\Udin C\Documents\kuliah yansya\semester 4\PemroWeb\UAS\ci4\system\Boot.php(68): CodeIgniter\Boot::runCodeIgniter(Object(CodeIgniter\CodeIgniter))
#10 C:\Users\Udin C\Documents\kuliah yansya\semester 4\PemroWeb\UAS\ci4\public\index.php(59): CodeIgniter\Boot::bootWeb(Object(Config\Paths))
#11 C:\Users\Udin C\Documents\kuliah yansya\semester 4\PemroWeb\UAS\ci4\system\rewrite.php(44): require_once('C:\\Users\\Udin C...')
#12 {main}

Next CodeIgniter\Database\Exceptions\DatabaseException: Invalid character set was provided in C:\Users\Udin C\Documents\kuliah yansya\semester 4\PemroWeb\UAS\ci4\system\Database\MySQLi\Connection.php:231
Stack trace:
#0 C:\Users\Udin C\Documents\kuliah yansya\semester 4\PemroWeb\UAS\ci4\system\Database\BaseConnection.php(555): CodeIgniter\Database\MySQLi\Connection->connect(false)
#1 C:\Users\Udin C\Documents\kuliah yansya\semester 4\PemroWeb\UAS\ci4\system\Database\BaseConnection.php(795): CodeIgniter\Database\BaseConnection->initialize()
#2 C:\Users\Udin C\Documents\kuliah yansya\semester 4\PemroWeb\UAS\ci4\system\Database\BaseBuilder.php(1647): CodeIgniter\Database\BaseConnection->query('SELECT `b`.*, `...', Array, false)
#3 C:\Users\Udin C\Documents\kuliah yansya\semester 4\PemroWeb\UAS\ci4\app\Controllers\BookController.php(16): CodeIgniter\Database\BaseBuilder->get()
#4 C:\Users\Udin C\Documents\kuliah yansya\semester 4\PemroWeb\UAS\ci4\system\CodeIgniter.php(974): App\Controllers\BookController->index()
#5 C:\Users\Udin C\Documents\kuliah yansya\semester 4\PemroWeb\UAS\ci4\system\CodeIgniter.php(520): CodeIgniter\CodeIgniter->runController(Object(App\Controllers\BookController))
#6 C:\Users\Udin C\Documents\kuliah yansya\semester 4\PemroWeb\UAS\ci4\system\CodeIgniter.php(363): CodeIgniter\CodeIgniter->handleRequest(NULL, Object(Config\Cache), false)
#7 C:\Users\Udin C\Documents\kuliah yansya\semester 4\PemroWeb\UAS\ci4\system\Boot.php(417): CodeIgniter\CodeIgniter->run()
#8 C:\Users\Udin C\Documents\kuliah yansya\semester 4\PemroWeb\UAS\ci4\system\Boot.php(68): CodeIgniter\Boot::runCodeIgniter(Object(CodeIgniter\CodeIgniter))
#9 C:\Users\Udin C\Documents\kuliah yansya\semester 4\PemroWeb\UAS\ci4\public\index.php(59): CodeIgniter\Boot::bootWeb(Object(Config\Paths))
#10 C:\Users\Udin C\Documents\kuliah yansya\semester 4\PemroWeb\UAS\ci4\system\rewrite.php(44): require_once('C:\\Users\\Udin C...')
#11 {main}
CRITICAL - 2026-06-11 10:36:27 --> CodeIgniter\Database\Exceptions\DatabaseException: Unable to connect to the database.
Main connection [MySQLi]: Invalid character set was provided
[Method: GET, Route: books]
in SYSTEMPATH\Database\BaseConnection.php on line 606.
 1 SYSTEMPATH\Database\BaseConnection.php(795): CodeIgniter\Database\BaseConnection->initialize()
 2 SYSTEMPATH\Database\BaseBuilder.php(1647): CodeIgniter\Database\BaseConnection->query('SELECT `b`.*, `g`.`name` as `genre_name`
FROM `books` `b`
LEFT JOIN `genres` `g` ON `g`.`id` = `b`.`genre_id`', [], false)
 3 APPPATH\Controllers\BookController.php(16): CodeIgniter\Database\BaseBuilder->get()
 4 SYSTEMPATH\CodeIgniter.php(974): App\Controllers\BookController->index()
 5 SYSTEMPATH\CodeIgniter.php(520): CodeIgniter\CodeIgniter->runController(Object(App\Controllers\BookController))
 6 SYSTEMPATH\CodeIgniter.php(363): CodeIgniter\CodeIgniter->handleRequest(null, Object(Config\Cache), false)
 7 SYSTEMPATH\Boot.php(417): CodeIgniter\CodeIgniter->run()
 8 SYSTEMPATH\Boot.php(68): CodeIgniter\Boot::runCodeIgniter(Object(CodeIgniter\CodeIgniter))
 9 FCPATH\index.php(59): CodeIgniter\Boot::bootWeb(Object(Config\Paths))
10 SYSTEMPATH\rewrite.php(44): require_once('C:\\Users\\Udin C\\Documents\\kuliah yansya\\semester 4\\PemroWeb\\UAS\\ci4\\public\\index.php')
ERROR - 2026-06-11 10:38:35 --> Error connecting to the database: mysqli_sql_exception: Invalid character set was provided in C:\Users\Udin C\Documents\kuliah yansya\semester 4\PemroWeb\UAS\ci4\system\Database\MySQLi\Connection.php:210
Stack trace:
#0 C:\Users\Udin C\Documents\kuliah yansya\semester 4\PemroWeb\UAS\ci4\system\Database\MySQLi\Connection.php(210): mysqli->set_charset('')
#1 C:\Users\Udin C\Documents\kuliah yansya\semester 4\PemroWeb\UAS\ci4\system\Database\BaseConnection.php(555): CodeIgniter\Database\MySQLi\Connection->connect(false)
#2 C:\Users\Udin C\Documents\kuliah yansya\semester 4\PemroWeb\UAS\ci4\system\Database\BaseConnection.php(795): CodeIgniter\Database\BaseConnection->initialize()
#3 C:\Users\Udin C\Documents\kuliah yansya\semester 4\PemroWeb\UAS\ci4\system\Database\BaseBuilder.php(1647): CodeIgniter\Database\BaseConnection->query('SELECT `b`.*, `...', Array, false)
#4 C:\Users\Udin C\Documents\kuliah yansya\semester 4\PemroWeb\UAS\ci4\app\Controllers\BookController.php(16): CodeIgniter\Database\BaseBuilder->get()
#5 C:\Users\Udin C\Documents\kuliah yansya\semester 4\PemroWeb\UAS\ci4\system\CodeIgniter.php(974): App\Controllers\BookController->index()
#6 C:\Users\Udin C\Documents\kuliah yansya\semester 4\PemroWeb\UAS\ci4\system\CodeIgniter.php(520): CodeIgniter\CodeIgniter->runController(Object(App\Controllers\BookController))
#7 C:\Users\Udin C\Documents\kuliah yansya\semester 4\PemroWeb\UAS\ci4\system\CodeIgniter.php(363): CodeIgniter\CodeIgniter->handleRequest(NULL, Object(Config\Cache), false)
#8 C:\Users\Udin C\Documents\kuliah yansya\semester 4\PemroWeb\UAS\ci4\system\Boot.php(417): CodeIgniter\CodeIgniter->run()
#9 C:\Users\Udin C\Documents\kuliah yansya\semester 4\PemroWeb\UAS\ci4\system\Boot.php(68): CodeIgniter\Boot::runCodeIgniter(Object(CodeIgniter\CodeIgniter))
#10 C:\Users\Udin C\Documents\kuliah yansya\semester 4\PemroWeb\UAS\ci4\public\index.php(59): CodeIgniter\Boot::bootWeb(Object(Config\Paths))
#11 C:\Users\Udin C\Documents\kuliah yansya\semester 4\PemroWeb\UAS\ci4\system\rewrite.php(44): require_once('C:\\Users\\Udin C...')
#12 {main}

Next CodeIgniter\Database\Exceptions\DatabaseException: Invalid character set was provided in C:\Users\Udin C\Documents\kuliah yansya\semester 4\PemroWeb\UAS\ci4\system\Database\MySQLi\Connection.php:231
Stack trace:
#0 C:\Users\Udin C\Documents\kuliah yansya\semester 4\PemroWeb\UAS\ci4\system\Database\BaseConnection.php(555): CodeIgniter\Database\MySQLi\Connection->connect(false)
#1 C:\Users\Udin C\Documents\kuliah yansya\semester 4\PemroWeb\UAS\ci4\system\Database\BaseConnection.php(795): CodeIgniter\Database\BaseConnection->initialize()
#2 C:\Users\Udin C\Documents\kuliah yansya\semester 4\PemroWeb\UAS\ci4\system\Database\BaseBuilder.php(1647): CodeIgniter\Database\BaseConnection->query('SELECT `b`.*, `...', Array, false)
#3 C:\Users\Udin C\Documents\kuliah yansya\semester 4\PemroWeb\UAS\ci4\app\Controllers\BookController.php(16): CodeIgniter\Database\BaseBuilder->get()
#4 C:\Users\Udin C\Documents\kuliah yansya\semester 4\PemroWeb\UAS\ci4\system\CodeIgniter.php(974): App\Controllers\BookController->index()
#5 C:\Users\Udin C\Documents\kuliah yansya\semester 4\PemroWeb\UAS\ci4\system\CodeIgniter.php(520): CodeIgniter\CodeIgniter->runController(Object(App\Controllers\BookController))
#6 C:\Users\Udin C\Documents\kuliah yansya\semester 4\PemroWeb\UAS\ci4\system\CodeIgniter.php(363): CodeIgniter\CodeIgniter->handleRequest(NULL, Object(Config\Cache), false)
#7 C:\Users\Udin C\Documents\kuliah yansya\semester 4\PemroWeb\UAS\ci4\system\Boot.php(417): CodeIgniter\CodeIgniter->run()
#8 C:\Users\Udin C\Documents\kuliah yansya\semester 4\PemroWeb\UAS\ci4\system\Boot.php(68): CodeIgniter\Boot::runCodeIgniter(Object(CodeIgniter\CodeIgniter))
#9 C:\Users\Udin C\Documents\kuliah yansya\semester 4\PemroWeb\UAS\ci4\public\index.php(59): CodeIgniter\Boot::bootWeb(Object(Config\Paths))
#10 C:\Users\Udin C\Documents\kuliah yansya\semester 4\PemroWeb\UAS\ci4\system\rewrite.php(44): require_once('C:\\Users\\Udin C...')
#11 {main}
CRITICAL - 2026-06-11 10:38:35 --> CodeIgniter\Database\Exceptions\DatabaseException: Unable to connect to the database.
Main connection [MySQLi]: Invalid character set was provided
[Method: GET, Route: books]
in SYSTEMPATH\Database\BaseConnection.php on line 606.
 1 SYSTEMPATH\Database\BaseConnection.php(795): CodeIgniter\Database\BaseConnection->initialize()
 2 SYSTEMPATH\Database\BaseBuilder.php(1647): CodeIgniter\Database\BaseConnection->query('SELECT `b`.*, `g`.`name` as `genre_name`
FROM `books` `b`
LEFT JOIN `genres` `g` ON `g`.`id` = `b`.`genre_id`', [], false)
 3 APPPATH\Controllers\BookController.php(16): CodeIgniter\Database\BaseBuilder->get()
 4 SYSTEMPATH\CodeIgniter.php(974): App\Controllers\BookController->index()
 5 SYSTEMPATH\CodeIgniter.php(520): CodeIgniter\CodeIgniter->runController(Object(App\Controllers\BookController))
 6 SYSTEMPATH\CodeIgniter.php(363): CodeIgniter\CodeIgniter->handleRequest(null, Object(Config\Cache), false)
 7 SYSTEMPATH\Boot.php(417): CodeIgniter\CodeIgniter->run()
 8 SYSTEMPATH\Boot.php(68): CodeIgniter\Boot::runCodeIgniter(Object(CodeIgniter\CodeIgniter))
 9 FCPATH\index.php(59): CodeIgniter\Boot::bootWeb(Object(Config\Paths))
10 SYSTEMPATH\rewrite.php(44): require_once('C:\\Users\\Udin C\\Documents\\kuliah yansya\\semester 4\\PemroWeb\\UAS\\ci4\\public\\index.php')
ERROR - 2026-06-11 10:38:36 --> Error connecting to the database: mysqli_sql_exception: Invalid character set was provided in C:\Users\Udin C\Documents\kuliah yansya\semester 4\PemroWeb\UAS\ci4\system\Database\MySQLi\Connection.php:210
Stack trace:
#0 C:\Users\Udin C\Documents\kuliah yansya\semester 4\PemroWeb\UAS\ci4\system\Database\MySQLi\Connection.php(210): mysqli->set_charset('')
#1 C:\Users\Udin C\Documents\kuliah yansya\semester 4\PemroWeb\UAS\ci4\system\Database\BaseConnection.php(555): CodeIgniter\Database\MySQLi\Connection->connect(false)
#2 C:\Users\Udin C\Documents\kuliah yansya\semester 4\PemroWeb\UAS\ci4\system\Database\BaseConnection.php(795): CodeIgniter\Database\BaseConnection->initialize()
#3 C:\Users\Udin C\Documents\kuliah yansya\semester 4\PemroWeb\UAS\ci4\system\Database\BaseBuilder.php(1647): CodeIgniter\Database\BaseConnection->query('SELECT `b`.*, `...', Array, false)
#4 C:\Users\Udin C\Documents\kuliah yansya\semester 4\PemroWeb\UAS\ci4\app\Controllers\BookController.php(16): CodeIgniter\Database\BaseBuilder->get()
#5 C:\Users\Udin C\Documents\kuliah yansya\semester 4\PemroWeb\UAS\ci4\system\CodeIgniter.php(974): App\Controllers\BookController->index()
#6 C:\Users\Udin C\Documents\kuliah yansya\semester 4\PemroWeb\UAS\ci4\system\CodeIgniter.php(520): CodeIgniter\CodeIgniter->runController(Object(App\Controllers\BookController))
#7 C:\Users\Udin C\Documents\kuliah yansya\semester 4\PemroWeb\UAS\ci4\system\CodeIgniter.php(363): CodeIgniter\CodeIgniter->handleRequest(NULL, Object(Config\Cache), false)
#8 C:\Users\Udin C\Documents\kuliah yansya\semester 4\PemroWeb\UAS\ci4\system\Boot.php(417): CodeIgniter\CodeIgniter->run()
#9 C:\Users\Udin C\Documents\kuliah yansya\semester 4\PemroWeb\UAS\ci4\system\Boot.php(68): CodeIgniter\Boot::runCodeIgniter(Object(CodeIgniter\CodeIgniter))
#10 C:\Users\Udin C\Documents\kuliah yansya\semester 4\PemroWeb\UAS\ci4\public\index.php(59): CodeIgniter\Boot::bootWeb(Object(Config\Paths))
#11 C:\Users\Udin C\Documents\kuliah yansya\semester 4\PemroWeb\UAS\ci4\system\rewrite.php(44): require_once('C:\\Users\\Udin C...')
#12 {main}

Next CodeIgniter\Database\Exceptions\DatabaseException: Invalid character set was provided in C:\Users\Udin C\Documents\kuliah yansya\semester 4\PemroWeb\UAS\ci4\system\Database\MySQLi\Connection.php:231
Stack trace:
#0 C:\Users\Udin C\Documents\kuliah yansya\semester 4\PemroWeb\UAS\ci4\system\Database\BaseConnection.php(555): CodeIgniter\Database\MySQLi\Connection->connect(false)
#1 C:\Users\Udin C\Documents\kuliah yansya\semester 4\PemroWeb\UAS\ci4\system\Database\BaseConnection.php(795): CodeIgniter\Database\BaseConnection->initialize()
#2 C:\Users\Udin C\Documents\kuliah yansya\semester 4\PemroWeb\UAS\ci4\system\Database\BaseBuilder.php(1647): CodeIgniter\Database\BaseConnection->query('SELECT `b`.*, `...', Array, false)
#3 C:\Users\Udin C\Documents\kuliah yansya\semester 4\PemroWeb\UAS\ci4\app\Controllers\BookController.php(16): CodeIgniter\Database\BaseBuilder->get()
#4 C:\Users\Udin C\Documents\kuliah yansya\semester 4\PemroWeb\UAS\ci4\system\CodeIgniter.php(974): App\Controllers\BookController->index()
#5 C:\Users\Udin C\Documents\kuliah yansya\semester 4\PemroWeb\UAS\ci4\system\CodeIgniter.php(520): CodeIgniter\CodeIgniter->runController(Object(App\Controllers\BookController))
#6 C:\Users\Udin C\Documents\kuliah yansya\semester 4\PemroWeb\UAS\ci4\system\CodeIgniter.php(363): CodeIgniter\CodeIgniter->handleRequest(NULL, Object(Config\Cache), false)
#7 C:\Users\Udin C\Documents\kuliah yansya\semester 4\PemroWeb\UAS\ci4\system\Boot.php(417): CodeIgniter\CodeIgniter->run()
#8 C:\Users\Udin C\Documents\kuliah yansya\semester 4\PemroWeb\UAS\ci4\system\Boot.php(68): CodeIgniter\Boot::runCodeIgniter(Object(CodeIgniter\CodeIgniter))
#9 C:\Users\Udin C\Documents\kuliah yansya\semester 4\PemroWeb\UAS\ci4\public\index.php(59): CodeIgniter\Boot::bootWeb(Object(Config\Paths))
#10 C:\Users\Udin C\Documents\kuliah yansya\semester 4\PemroWeb\UAS\ci4\system\rewrite.php(44): require_once('C:\\Users\\Udin C...')
#11 {main}
CRITICAL - 2026-06-11 10:38:36 --> CodeIgniter\Database\Exceptions\DatabaseException: Unable to connect to the database.
Main connection [MySQLi]: Invalid character set was provided
[Method: GET, Route: books]
in SYSTEMPATH\Database\BaseConnection.php on line 606.
 1 SYSTEMPATH\Database\BaseConnection.php(795): CodeIgniter\Database\BaseConnection->initialize()
 2 SYSTEMPATH\Database\BaseBuilder.php(1647): CodeIgniter\Database\BaseConnection->query('SELECT `b`.*, `g`.`name` as `genre_name`
FROM `books` `b`
LEFT JOIN `genres` `g` ON `g`.`id` = `b`.`genre_id`', [], false)
 3 APPPATH\Controllers\BookController.php(16): CodeIgniter\Database\BaseBuilder->get()
 4 SYSTEMPATH\CodeIgniter.php(974): App\Controllers\BookController->index()
 5 SYSTEMPATH\CodeIgniter.php(520): CodeIgniter\CodeIgniter->runController(Object(App\Controllers\BookController))
 6 SYSTEMPATH\CodeIgniter.php(363): CodeIgniter\CodeIgniter->handleRequest(null, Object(Config\Cache), false)
 7 SYSTEMPATH\Boot.php(417): CodeIgniter\CodeIgniter->run()
 8 SYSTEMPATH\Boot.php(68): CodeIgniter\Boot::runCodeIgniter(Object(CodeIgniter\CodeIgniter))
 9 FCPATH\index.php(59): CodeIgniter\Boot::bootWeb(Object(Config\Paths))
10 SYSTEMPATH\rewrite.php(44): require_once('C:\\Users\\Udin C\\Documents\\kuliah yansya\\semester 4\\PemroWeb\\UAS\\ci4\\public\\index.php')
ERROR - 2026-06-11 10:38:36 --> Error connecting to the database: mysqli_sql_exception: Invalid character set was provided in C:\Users\Udin C\Documents\kuliah yansya\semester 4\PemroWeb\UAS\ci4\system\Database\MySQLi\Connection.php:210
Stack trace:
#0 C:\Users\Udin C\Documents\kuliah yansya\semester 4\PemroWeb\UAS\ci4\system\Database\MySQLi\Connection.php(210): mysqli->set_charset('')
#1 C:\Users\Udin C\Documents\kuliah yansya\semester 4\PemroWeb\UAS\ci4\system\Database\BaseConnection.php(555): CodeIgniter\Database\MySQLi\Connection->connect(false)
#2 C:\Users\Udin C\Documents\kuliah yansya\semester 4\PemroWeb\UAS\ci4\system\Database\BaseConnection.php(795): CodeIgniter\Database\BaseConnection->initialize()
#3 C:\Users\Udin C\Documents\kuliah yansya\semester 4\PemroWeb\UAS\ci4\system\Database\BaseBuilder.php(1647): CodeIgniter\Database\BaseConnection->query('SELECT `b`.*, `...', Array, false)
#4 C:\Users\Udin C\Documents\kuliah yansya\semester 4\PemroWeb\UAS\ci4\app\Controllers\BookController.php(16): CodeIgniter\Database\BaseBuilder->get()
#5 C:\Users\Udin C\Documents\kuliah yansya\semester 4\PemroWeb\UAS\ci4\system\CodeIgniter.php(974): App\Controllers\BookController->index()
#6 C:\Users\Udin C\Documents\kuliah yansya\semester 4\PemroWeb\UAS\ci4\system\CodeIgniter.php(520): CodeIgniter\CodeIgniter->runController(Object(App\Controllers\BookController))
#7 C:\Users\Udin C\Documents\kuliah yansya\semester 4\PemroWeb\UAS\ci4\system\CodeIgniter.php(363): CodeIgniter\CodeIgniter->handleRequest(NULL, Object(Config\Cache), false)
#8 C:\Users\Udin C\Documents\kuliah yansya\semester 4\PemroWeb\UAS\ci4\system\Boot.php(417): CodeIgniter\CodeIgniter->run()
#9 C:\Users\Udin C\Documents\kuliah yansya\semester 4\PemroWeb\UAS\ci4\system\Boot.php(68): CodeIgniter\Boot::runCodeIgniter(Object(CodeIgniter\CodeIgniter))
#10 C:\Users\Udin C\Documents\kuliah yansya\semester 4\PemroWeb\UAS\ci4\public\index.php(59): CodeIgniter\Boot::bootWeb(Object(Config\Paths))
#11 C:\Users\Udin C\Documents\kuliah yansya\semester 4\PemroWeb\UAS\ci4\system\rewrite.php(44): require_once('C:\\Users\\Udin C...')
#12 {main}

Next CodeIgniter\Database\Exceptions\DatabaseException: Invalid character set was provided in C:\Users\Udin C\Documents\kuliah yansya\semester 4\PemroWeb\UAS\ci4\system\Database\MySQLi\Connection.php:231
Stack trace:
#0 C:\Users\Udin C\Documents\kuliah yansya\semester 4\PemroWeb\UAS\ci4\system\Database\BaseConnection.php(555): CodeIgniter\Database\MySQLi\Connection->connect(false)
#1 C:\Users\Udin C\Documents\kuliah yansya\semester 4\PemroWeb\UAS\ci4\system\Database\BaseConnection.php(795): CodeIgniter\Database\BaseConnection->initialize()
#2 C:\Users\Udin C\Documents\kuliah yansya\semester 4\PemroWeb\UAS\ci4\system\Database\BaseBuilder.php(1647): CodeIgniter\Database\BaseConnection->query('SELECT `b`.*, `...', Array, false)
#3 C:\Users\Udin C\Documents\kuliah yansya\semester 4\PemroWeb\UAS\ci4\app\Controllers\BookController.php(16): CodeIgniter\Database\BaseBuilder->get()
#4 C:\Users\Udin C\Documents\kuliah yansya\semester 4\PemroWeb\UAS\ci4\system\CodeIgniter.php(974): App\Controllers\BookController->index()
#5 C:\Users\Udin C\Documents\kuliah yansya\semester 4\PemroWeb\UAS\ci4\system\CodeIgniter.php(520): CodeIgniter\CodeIgniter->runController(Object(App\Controllers\BookController))
#6 C:\Users\Udin C\Documents\kuliah yansya\semester 4\PemroWeb\UAS\ci4\system\CodeIgniter.php(363): CodeIgniter\CodeIgniter->handleRequest(NULL, Object(Config\Cache), false)
#7 C:\Users\Udin C\Documents\kuliah yansya\semester 4\PemroWeb\UAS\ci4\system\Boot.php(417): CodeIgniter\CodeIgniter->run()
#8 C:\Users\Udin C\Documents\kuliah yansya\semester 4\PemroWeb\UAS\ci4\system\Boot.php(68): CodeIgniter\Boot::runCodeIgniter(Object(CodeIgniter\CodeIgniter))
#9 C:\Users\Udin C\Documents\kuliah yansya\semester 4\PemroWeb\UAS\ci4\public\index.php(59): CodeIgniter\Boot::bootWeb(Object(Config\Paths))
#10 C:\Users\Udin C\Documents\kuliah yansya\semester 4\PemroWeb\UAS\ci4\system\rewrite.php(44): require_once('C:\\Users\\Udin C...')
#11 {main}
CRITICAL - 2026-06-11 10:38:36 --> CodeIgniter\Database\Exceptions\DatabaseException: Unable to connect to the database.
Main connection [MySQLi]: Invalid character set was provided
[Method: GET, Route: books]
in SYSTEMPATH\Database\BaseConnection.php on line 606.
 1 SYSTEMPATH\Database\BaseConnection.php(795): CodeIgniter\Database\BaseConnection->initialize()
 2 SYSTEMPATH\Database\BaseBuilder.php(1647): CodeIgniter\Database\BaseConnection->query('SELECT `b`.*, `g`.`name` as `genre_name`
FROM `books` `b`
LEFT JOIN `genres` `g` ON `g`.`id` = `b`.`genre_id`', [], false)
 3 APPPATH\Controllers\BookController.php(16): CodeIgniter\Database\BaseBuilder->get()
 4 SYSTEMPATH\CodeIgniter.php(974): App\Controllers\BookController->index()
 5 SYSTEMPATH\CodeIgniter.php(520): CodeIgniter\CodeIgniter->runController(Object(App\Controllers\BookController))
 6 SYSTEMPATH\CodeIgniter.php(363): CodeIgniter\CodeIgniter->handleRequest(null, Object(Config\Cache), false)
 7 SYSTEMPATH\Boot.php(417): CodeIgniter\CodeIgniter->run()
 8 SYSTEMPATH\Boot.php(68): CodeIgniter\Boot::runCodeIgniter(Object(CodeIgniter\CodeIgniter))
 9 FCPATH\index.php(59): CodeIgniter\Boot::bootWeb(Object(Config\Paths))
10 SYSTEMPATH\rewrite.php(44): require_once('C:\\Users\\Udin C\\Documents\\kuliah yansya\\semester 4\\PemroWeb\\UAS\\ci4\\public\\index.php')
ERROR - 2026-06-11 10:39:40 --> Error connecting to the database: mysqli_sql_exception: Invalid character set was provided in C:\Users\Udin C\Documents\kuliah yansya\semester 4\PemroWeb\UAS\ci4\system\Database\MySQLi\Connection.php:210
Stack trace:
#0 C:\Users\Udin C\Documents\kuliah yansya\semester 4\PemroWeb\UAS\ci4\system\Database\MySQLi\Connection.php(210): mysqli->set_charset('')
#1 C:\Users\Udin C\Documents\kuliah yansya\semester 4\PemroWeb\UAS\ci4\system\Database\BaseConnection.php(555): CodeIgniter\Database\MySQLi\Connection->connect(false)
#2 C:\Users\Udin C\Documents\kuliah yansya\semester 4\PemroWeb\UAS\ci4\system\Database\BaseConnection.php(795): CodeIgniter\Database\BaseConnection->initialize()
#3 C:\Users\Udin C\Documents\kuliah yansya\semester 4\PemroWeb\UAS\ci4\system\Database\BaseBuilder.php(1647): CodeIgniter\Database\BaseConnection->query('SELECT `b`.*, `...', Array, false)
#4 C:\Users\Udin C\Documents\kuliah yansya\semester 4\PemroWeb\UAS\ci4\app\Controllers\BookController.php(16): CodeIgniter\Database\BaseBuilder->get()
#5 C:\Users\Udin C\Documents\kuliah yansya\semester 4\PemroWeb\UAS\ci4\system\CodeIgniter.php(974): App\Controllers\BookController->index()
#6 C:\Users\Udin C\Documents\kuliah yansya\semester 4\PemroWeb\UAS\ci4\system\CodeIgniter.php(520): CodeIgniter\CodeIgniter->runController(Object(App\Controllers\BookController))
#7 C:\Users\Udin C\Documents\kuliah yansya\semester 4\PemroWeb\UAS\ci4\system\CodeIgniter.php(363): CodeIgniter\CodeIgniter->handleRequest(NULL, Object(Config\Cache), false)
#8 C:\Users\Udin C\Documents\kuliah yansya\semester 4\PemroWeb\UAS\ci4\system\Boot.php(417): CodeIgniter\CodeIgniter->run()
#9 C:\Users\Udin C\Documents\kuliah yansya\semester 4\PemroWeb\UAS\ci4\system\Boot.php(68): CodeIgniter\Boot::runCodeIgniter(Object(CodeIgniter\CodeIgniter))
#10 C:\Users\Udin C\Documents\kuliah yansya\semester 4\PemroWeb\UAS\ci4\public\index.php(59): CodeIgniter\Boot::bootWeb(Object(Config\Paths))
#11 C:\Users\Udin C\Documents\kuliah yansya\semester 4\PemroWeb\UAS\ci4\system\rewrite.php(44): require_once('C:\\Users\\Udin C...')
#12 {main}

Next CodeIgniter\Database\Exceptions\DatabaseException: Invalid character set was provided in C:\Users\Udin C\Documents\kuliah yansya\semester 4\PemroWeb\UAS\ci4\system\Database\MySQLi\Connection.php:231
Stack trace:
#0 C:\Users\Udin C\Documents\kuliah yansya\semester 4\PemroWeb\UAS\ci4\system\Database\BaseConnection.php(555): CodeIgniter\Database\MySQLi\Connection->connect(false)
#1 C:\Users\Udin C\Documents\kuliah yansya\semester 4\PemroWeb\UAS\ci4\system\Database\BaseConnection.php(795): CodeIgniter\Database\BaseConnection->initialize()
#2 C:\Users\Udin C\Documents\kuliah yansya\semester 4\PemroWeb\UAS\ci4\system\Database\BaseBuilder.php(1647): CodeIgniter\Database\BaseConnection->query('SELECT `b`.*, `...', Array, false)
#3 C:\Users\Udin C\Documents\kuliah yansya\semester 4\PemroWeb\UAS\ci4\app\Controllers\BookController.php(16): CodeIgniter\Database\BaseBuilder->get()
#4 C:\Users\Udin C\Documents\kuliah yansya\semester 4\PemroWeb\UAS\ci4\system\CodeIgniter.php(974): App\Controllers\BookController->index()
#5 C:\Users\Udin C\Documents\kuliah yansya\semester 4\PemroWeb\UAS\ci4\system\CodeIgniter.php(520): CodeIgniter\CodeIgniter->runController(Object(App\Controllers\BookController))
#6 C:\Users\Udin C\Documents\kuliah yansya\semester 4\PemroWeb\UAS\ci4\system\CodeIgniter.php(363): CodeIgniter\CodeIgniter->handleRequest(NULL, Object(Config\Cache), false)
#7 C:\Users\Udin C\Documents\kuliah yansya\semester 4\PemroWeb\UAS\ci4\system\Boot.php(417): CodeIgniter\CodeIgniter->run()
#8 C:\Users\Udin C\Documents\kuliah yansya\semester 4\PemroWeb\UAS\ci4\system\Boot.php(68): CodeIgniter\Boot::runCodeIgniter(Object(CodeIgniter\CodeIgniter))
#9 C:\Users\Udin C\Documents\kuliah yansya\semester 4\PemroWeb\UAS\ci4\public\index.php(59): CodeIgniter\Boot::bootWeb(Object(Config\Paths))
#10 C:\Users\Udin C\Documents\kuliah yansya\semester 4\PemroWeb\UAS\ci4\system\rewrite.php(44): require_once('C:\\Users\\Udin C...')
#11 {main}
CRITICAL - 2026-06-11 10:39:40 --> CodeIgniter\Database\Exceptions\DatabaseException: Unable to connect to the database.
Main connection [MySQLi]: Invalid character set was provided
[Method: GET, Route: books]
in SYSTEMPATH\Database\BaseConnection.php on line 606.
 1 SYSTEMPATH\Database\BaseConnection.php(795): CodeIgniter\Database\BaseConnection->initialize()
 2 SYSTEMPATH\Database\BaseBuilder.php(1647): CodeIgniter\Database\BaseConnection->query('SELECT `b`.*, `g`.`name` as `genre_name`
FROM `books` `b`
LEFT JOIN `genres` `g` ON `g`.`id` = `b`.`genre_id`', [], false)
 3 APPPATH\Controllers\BookController.php(16): CodeIgniter\Database\BaseBuilder->get()
 4 SYSTEMPATH\CodeIgniter.php(974): App\Controllers\BookController->index()
 5 SYSTEMPATH\CodeIgniter.php(520): CodeIgniter\CodeIgniter->runController(Object(App\Controllers\BookController))
 6 SYSTEMPATH\CodeIgniter.php(363): CodeIgniter\CodeIgniter->handleRequest(null, Object(Config\Cache), false)
 7 SYSTEMPATH\Boot.php(417): CodeIgniter\CodeIgniter->run()
 8 SYSTEMPATH\Boot.php(68): CodeIgniter\Boot::runCodeIgniter(Object(CodeIgniter\CodeIgniter))
 9 FCPATH\index.php(59): CodeIgniter\Boot::bootWeb(Object(Config\Paths))
10 SYSTEMPATH\rewrite.php(44): require_once('C:\\Users\\Udin C\\Documents\\kuliah yansya\\semester 4\\PemroWeb\\UAS\\ci4\\public\\index.php')
ERROR - 2026-06-11 10:39:41 --> Error connecting to the database: mysqli_sql_exception: Invalid character set was provided in C:\Users\Udin C\Documents\kuliah yansya\semester 4\PemroWeb\UAS\ci4\system\Database\MySQLi\Connection.php:210
Stack trace:
#0 C:\Users\Udin C\Documents\kuliah yansya\semester 4\PemroWeb\UAS\ci4\system\Database\MySQLi\Connection.php(210): mysqli->set_charset('')
#1 C:\Users\Udin C\Documents\kuliah yansya\semester 4\PemroWeb\UAS\ci4\system\Database\BaseConnection.php(555): CodeIgniter\Database\MySQLi\Connection->connect(false)
#2 C:\Users\Udin C\Documents\kuliah yansya\semester 4\PemroWeb\UAS\ci4\system\Database\BaseConnection.php(795): CodeIgniter\Database\BaseConnection->initialize()
#3 C:\Users\Udin C\Documents\kuliah yansya\semester 4\PemroWeb\UAS\ci4\system\Database\BaseBuilder.php(1647): CodeIgniter\Database\BaseConnection->query('SELECT `b`.*, `...', Array, false)
#4 C:\Users\Udin C\Documents\kuliah yansya\semester 4\PemroWeb\UAS\ci4\app\Controllers\BookController.php(16): CodeIgniter\Database\BaseBuilder->get()
#5 C:\Users\Udin C\Documents\kuliah yansya\semester 4\PemroWeb\UAS\ci4\system\CodeIgniter.php(974): App\Controllers\BookController->index()
#6 C:\Users\Udin C\Documents\kuliah yansya\semester 4\PemroWeb\UAS\ci4\system\CodeIgniter.php(520): CodeIgniter\CodeIgniter->runController(Object(App\Controllers\BookController))
#7 C:\Users\Udin C\Documents\kuliah yansya\semester 4\PemroWeb\UAS\ci4\system\CodeIgniter.php(363): CodeIgniter\CodeIgniter->handleRequest(NULL, Object(Config\Cache), false)
#8 C:\Users\Udin C\Documents\kuliah yansya\semester 4\PemroWeb\UAS\ci4\system\Boot.php(417): CodeIgniter\CodeIgniter->run()
#9 C:\Users\Udin C\Documents\kuliah yansya\semester 4\PemroWeb\UAS\ci4\system\Boot.php(68): CodeIgniter\Boot::runCodeIgniter(Object(CodeIgniter\CodeIgniter))
#10 C:\Users\Udin C\Documents\kuliah yansya\semester 4\PemroWeb\UAS\ci4\public\index.php(59): CodeIgniter\Boot::bootWeb(Object(Config\Paths))
#11 C:\Users\Udin C\Documents\kuliah yansya\semester 4\PemroWeb\UAS\ci4\system\rewrite.php(44): require_once('C:\\Users\\Udin C...')
#12 {main}

Next CodeIgniter\Database\Exceptions\DatabaseException: Invalid character set was provided in C:\Users\Udin C\Documents\kuliah yansya\semester 4\PemroWeb\UAS\ci4\system\Database\MySQLi\Connection.php:231
Stack trace:
#0 C:\Users\Udin C\Documents\kuliah yansya\semester 4\PemroWeb\UAS\ci4\system\Database\BaseConnection.php(555): CodeIgniter\Database\MySQLi\Connection->connect(false)
#1 C:\Users\Udin C\Documents\kuliah yansya\semester 4\PemroWeb\UAS\ci4\system\Database\BaseConnection.php(795): CodeIgniter\Database\BaseConnection->initialize()
#2 C:\Users\Udin C\Documents\kuliah yansya\semester 4\PemroWeb\UAS\ci4\system\Database\BaseBuilder.php(1647): CodeIgniter\Database\BaseConnection->query('SELECT `b`.*, `...', Array, false)
#3 C:\Users\Udin C\Documents\kuliah yansya\semester 4\PemroWeb\UAS\ci4\app\Controllers\BookController.php(16): CodeIgniter\Database\BaseBuilder->get()
#4 C:\Users\Udin C\Documents\kuliah yansya\semester 4\PemroWeb\UAS\ci4\system\CodeIgniter.php(974): App\Controllers\BookController->index()
#5 C:\Users\Udin C\Documents\kuliah yansya\semester 4\PemroWeb\UAS\ci4\system\CodeIgniter.php(520): CodeIgniter\CodeIgniter->runController(Object(App\Controllers\BookController))
#6 C:\Users\Udin C\Documents\kuliah yansya\semester 4\PemroWeb\UAS\ci4\system\CodeIgniter.php(363): CodeIgniter\CodeIgniter->handleRequest(NULL, Object(Config\Cache), false)
#7 C:\Users\Udin C\Documents\kuliah yansya\semester 4\PemroWeb\UAS\ci4\system\Boot.php(417): CodeIgniter\CodeIgniter->run()
#8 C:\Users\Udin C\Documents\kuliah yansya\semester 4\PemroWeb\UAS\ci4\system\Boot.php(68): CodeIgniter\Boot::runCodeIgniter(Object(CodeIgniter\CodeIgniter))
#9 C:\Users\Udin C\Documents\kuliah yansya\semester 4\PemroWeb\UAS\ci4\public\index.php(59): CodeIgniter\Boot::bootWeb(Object(Config\Paths))
#10 C:\Users\Udin C\Documents\kuliah yansya\semester 4\PemroWeb\UAS\ci4\system\rewrite.php(44): require_once('C:\\Users\\Udin C...')
#11 {main}
CRITICAL - 2026-06-11 10:39:41 --> CodeIgniter\Database\Exceptions\DatabaseException: Unable to connect to the database.
Main connection [MySQLi]: Invalid character set was provided
[Method: GET, Route: books]
in SYSTEMPATH\Database\BaseConnection.php on line 606.
 1 SYSTEMPATH\Database\BaseConnection.php(795): CodeIgniter\Database\BaseConnection->initialize()
 2 SYSTEMPATH\Database\BaseBuilder.php(1647): CodeIgniter\Database\BaseConnection->query('SELECT `b`.*, `g`.`name` as `genre_name`
FROM `books` `b`
LEFT JOIN `genres` `g` ON `g`.`id` = `b`.`genre_id`', [], false)
 3 APPPATH\Controllers\BookController.php(16): CodeIgniter\Database\BaseBuilder->get()
 4 SYSTEMPATH\CodeIgniter.php(974): App\Controllers\BookController->index()
 5 SYSTEMPATH\CodeIgniter.php(520): CodeIgniter\CodeIgniter->runController(Object(App\Controllers\BookController))
 6 SYSTEMPATH\CodeIgniter.php(363): CodeIgniter\CodeIgniter->handleRequest(null, Object(Config\Cache), false)
 7 SYSTEMPATH\Boot.php(417): CodeIgniter\CodeIgniter->run()
 8 SYSTEMPATH\Boot.php(68): CodeIgniter\Boot::runCodeIgniter(Object(CodeIgniter\CodeIgniter))
 9 FCPATH\index.php(59): CodeIgniter\Boot::bootWeb(Object(Config\Paths))
10 SYSTEMPATH\rewrite.php(44): require_once('C:\\Users\\Udin C\\Documents\\kuliah yansya\\semester 4\\PemroWeb\\UAS\\ci4\\public\\index.php')
ERROR - 2026-06-11 10:41:28 --> Error connecting to the database: mysqli_sql_exception: Invalid character set was provided in C:\Users\Udin C\Documents\kuliah yansya\semester 4\PemroWeb\UAS\ci4\system\Database\MySQLi\Connection.php:210
Stack trace:
#0 C:\Users\Udin C\Documents\kuliah yansya\semester 4\PemroWeb\UAS\ci4\system\Database\MySQLi\Connection.php(210): mysqli->set_charset('')
#1 C:\Users\Udin C\Documents\kuliah yansya\semester 4\PemroWeb\UAS\ci4\system\Database\BaseConnection.php(555): CodeIgniter\Database\MySQLi\Connection->connect(false)
#2 C:\Users\Udin C\Documents\kuliah yansya\semester 4\PemroWeb\UAS\ci4\system\Database\BaseConnection.php(795): CodeIgniter\Database\BaseConnection->initialize()
#3 C:\Users\Udin C\Documents\kuliah yansya\semester 4\PemroWeb\UAS\ci4\system\Database\BaseBuilder.php(1647): CodeIgniter\Database\BaseConnection->query('SELECT `b`.*, `...', Array, false)
#4 C:\Users\Udin C\Documents\kuliah yansya\semester 4\PemroWeb\UAS\ci4\app\Controllers\BookController.php(16): CodeIgniter\Database\BaseBuilder->get()
#5 C:\Users\Udin C\Documents\kuliah yansya\semester 4\PemroWeb\UAS\ci4\system\CodeIgniter.php(974): App\Controllers\BookController->index()
#6 C:\Users\Udin C\Documents\kuliah yansya\semester 4\PemroWeb\UAS\ci4\system\CodeIgniter.php(520): CodeIgniter\CodeIgniter->runController(Object(App\Controllers\BookController))
#7 C:\Users\Udin C\Documents\kuliah yansya\semester 4\PemroWeb\UAS\ci4\system\CodeIgniter.php(363): CodeIgniter\CodeIgniter->handleRequest(NULL, Object(Config\Cache), false)
#8 C:\Users\Udin C\Documents\kuliah yansya\semester 4\PemroWeb\UAS\ci4\system\Boot.php(417): CodeIgniter\CodeIgniter->run()
#9 C:\Users\Udin C\Documents\kuliah yansya\semester 4\PemroWeb\UAS\ci4\system\Boot.php(68): CodeIgniter\Boot::runCodeIgniter(Object(CodeIgniter\CodeIgniter))
#10 C:\Users\Udin C\Documents\kuliah yansya\semester 4\PemroWeb\UAS\ci4\public\index.php(59): CodeIgniter\Boot::bootWeb(Object(Config\Paths))
#11 C:\Users\Udin C\Documents\kuliah yansya\semester 4\PemroWeb\UAS\ci4\system\rewrite.php(44): require_once('C:\\Users\\Udin C...')
#12 {main}

Next CodeIgniter\Database\Exceptions\DatabaseException: Invalid character set was provided in C:\Users\Udin C\Documents\kuliah yansya\semester 4\PemroWeb\UAS\ci4\system\Database\MySQLi\Connection.php:231
Stack trace:
#0 C:\Users\Udin C\Documents\kuliah yansya\semester 4\PemroWeb\UAS\ci4\system\Database\BaseConnection.php(555): CodeIgniter\Database\MySQLi\Connection->connect(false)
#1 C:\Users\Udin C\Documents\kuliah yansya\semester 4\PemroWeb\UAS\ci4\system\Database\BaseConnection.php(795): CodeIgniter\Database\BaseConnection->initialize()
#2 C:\Users\Udin C\Documents\kuliah yansya\semester 4\PemroWeb\UAS\ci4\system\Database\BaseBuilder.php(1647): CodeIgniter\Database\BaseConnection->query('SELECT `b`.*, `...', Array, false)
#3 C:\Users\Udin C\Documents\kuliah yansya\semester 4\PemroWeb\UAS\ci4\app\Controllers\BookController.php(16): CodeIgniter\Database\BaseBuilder->get()
#4 C:\Users\Udin C\Documents\kuliah yansya\semester 4\PemroWeb\UAS\ci4\system\CodeIgniter.php(974): App\Controllers\BookController->index()
#5 C:\Users\Udin C\Documents\kuliah yansya\semester 4\PemroWeb\UAS\ci4\system\CodeIgniter.php(520): CodeIgniter\CodeIgniter->runController(Object(App\Controllers\BookController))
#6 C:\Users\Udin C\Documents\kuliah yansya\semester 4\PemroWeb\UAS\ci4\system\CodeIgniter.php(363): CodeIgniter\CodeIgniter->handleRequest(NULL, Object(Config\Cache), false)
#7 C:\Users\Udin C\Documents\kuliah yansya\semester 4\PemroWeb\UAS\ci4\system\Boot.php(417): CodeIgniter\CodeIgniter->run()
#8 C:\Users\Udin C\Documents\kuliah yansya\semester 4\PemroWeb\UAS\ci4\system\Boot.php(68): CodeIgniter\Boot::runCodeIgniter(Object(CodeIgniter\CodeIgniter))
#9 C:\Users\Udin C\Documents\kuliah yansya\semester 4\PemroWeb\UAS\ci4\public\index.php(59): CodeIgniter\Boot::bootWeb(Object(Config\Paths))
#10 C:\Users\Udin C\Documents\kuliah yansya\semester 4\PemroWeb\UAS\ci4\system\rewrite.php(44): require_once('C:\\Users\\Udin C...')
#11 {main}
CRITICAL - 2026-06-11 10:41:28 --> CodeIgniter\Database\Exceptions\DatabaseException: Unable to connect to the database.
Main connection [MySQLi]: Invalid character set was provided
[Method: GET, Route: books]
in SYSTEMPATH\Database\BaseConnection.php on line 606.
 1 SYSTEMPATH\Database\BaseConnection.php(795): CodeIgniter\Database\BaseConnection->initialize()
 2 SYSTEMPATH\Database\BaseBuilder.php(1647): CodeIgniter\Database\BaseConnection->query('SELECT `b`.*, `g`.`name` as `genre_name`
FROM `books` `b`
LEFT JOIN `genres` `g` ON `g`.`id` = `b`.`genre_id`', [], false)
 3 APPPATH\Controllers\BookController.php(16): CodeIgniter\Database\BaseBuilder->get()
 4 SYSTEMPATH\CodeIgniter.php(974): App\Controllers\BookController->index()
 5 SYSTEMPATH\CodeIgniter.php(520): CodeIgniter\CodeIgniter->runController(Object(App\Controllers\BookController))
 6 SYSTEMPATH\CodeIgniter.php(363): CodeIgniter\CodeIgniter->handleRequest(null, Object(Config\Cache), false)
 7 SYSTEMPATH\Boot.php(417): CodeIgniter\CodeIgniter->run()
 8 SYSTEMPATH\Boot.php(68): CodeIgniter\Boot::runCodeIgniter(Object(CodeIgniter\CodeIgniter))
 9 FCPATH\index.php(59): CodeIgniter\Boot::bootWeb(Object(Config\Paths))
10 SYSTEMPATH\rewrite.php(44): require_once('C:\\Users\\Udin C\\Documents\\kuliah yansya\\semester 4\\PemroWeb\\UAS\\ci4\\public\\index.php')
ERROR - 2026-06-11 10:42:09 --> Error connecting to the database: mysqli_sql_exception: Invalid character set was provided in C:\Users\Udin C\Documents\kuliah yansya\semester 4\PemroWeb\UAS\ci4\system\Database\MySQLi\Connection.php:210
Stack trace:
#0 C:\Users\Udin C\Documents\kuliah yansya\semester 4\PemroWeb\UAS\ci4\system\Database\MySQLi\Connection.php(210): mysqli->set_charset('')
#1 C:\Users\Udin C\Documents\kuliah yansya\semester 4\PemroWeb\UAS\ci4\system\Database\BaseConnection.php(555): CodeIgniter\Database\MySQLi\Connection->connect(false)
#2 C:\Users\Udin C\Documents\kuliah yansya\semester 4\PemroWeb\UAS\ci4\system\Database\BaseConnection.php(795): CodeIgniter\Database\BaseConnection->initialize()
#3 C:\Users\Udin C\Documents\kuliah yansya\semester 4\PemroWeb\UAS\ci4\system\Database\BaseBuilder.php(1647): CodeIgniter\Database\BaseConnection->query('SELECT `b`.*, `...', Array, false)
#4 C:\Users\Udin C\Documents\kuliah yansya\semester 4\PemroWeb\UAS\ci4\app\Controllers\BookController.php(16): CodeIgniter\Database\BaseBuilder->get()
#5 C:\Users\Udin C\Documents\kuliah yansya\semester 4\PemroWeb\UAS\ci4\system\CodeIgniter.php(974): App\Controllers\BookController->index()
#6 C:\Users\Udin C\Documents\kuliah yansya\semester 4\PemroWeb\UAS\ci4\system\CodeIgniter.php(520): CodeIgniter\CodeIgniter->runController(Object(App\Controllers\BookController))
#7 C:\Users\Udin C\Documents\kuliah yansya\semester 4\PemroWeb\UAS\ci4\system\CodeIgniter.php(363): CodeIgniter\CodeIgniter->handleRequest(NULL, Object(Config\Cache), false)
#8 C:\Users\Udin C\Documents\kuliah yansya\semester 4\PemroWeb\UAS\ci4\system\Boot.php(417): CodeIgniter\CodeIgniter->run()
#9 C:\Users\Udin C\Documents\kuliah yansya\semester 4\PemroWeb\UAS\ci4\system\Boot.php(68): CodeIgniter\Boot::runCodeIgniter(Object(CodeIgniter\CodeIgniter))
#10 C:\Users\Udin C\Documents\kuliah yansya\semester 4\PemroWeb\UAS\ci4\public\index.php(59): CodeIgniter\Boot::bootWeb(Object(Config\Paths))
#11 C:\Users\Udin C\Documents\kuliah yansya\semester 4\PemroWeb\UAS\ci4\system\rewrite.php(44): require_once('C:\\Users\\Udin C...')
#12 {main}

Next CodeIgniter\Database\Exceptions\DatabaseException: Invalid character set was provided in C:\Users\Udin C\Documents\kuliah yansya\semester 4\PemroWeb\UAS\ci4\system\Database\MySQLi\Connection.php:231
Stack trace:
#0 C:\Users\Udin C\Documents\kuliah yansya\semester 4\PemroWeb\UAS\ci4\system\Database\BaseConnection.php(555): CodeIgniter\Database\MySQLi\Connection->connect(false)
#1 C:\Users\Udin C\Documents\kuliah yansya\semester 4\PemroWeb\UAS\ci4\system\Database\BaseConnection.php(795): CodeIgniter\Database\BaseConnection->initialize()
#2 C:\Users\Udin C\Documents\kuliah yansya\semester 4\PemroWeb\UAS\ci4\system\Database\BaseBuilder.php(1647): CodeIgniter\Database\BaseConnection->query('SELECT `b`.*, `...', Array, false)
#3 C:\Users\Udin C\Documents\kuliah yansya\semester 4\PemroWeb\UAS\ci4\app\Controllers\BookController.php(16): CodeIgniter\Database\BaseBuilder->get()
#4 C:\Users\Udin C\Documents\kuliah yansya\semester 4\PemroWeb\UAS\ci4\system\CodeIgniter.php(974): App\Controllers\BookController->index()
#5 C:\Users\Udin C\Documents\kuliah yansya\semester 4\PemroWeb\UAS\ci4\system\CodeIgniter.php(520): CodeIgniter\CodeIgniter->runController(Object(App\Controllers\BookController))
#6 C:\Users\Udin C\Documents\kuliah yansya\semester 4\PemroWeb\UAS\ci4\system\CodeIgniter.php(363): CodeIgniter\CodeIgniter->handleRequest(NULL, Object(Config\Cache), false)
#7 C:\Users\Udin C\Documents\kuliah yansya\semester 4\PemroWeb\UAS\ci4\system\Boot.php(417): CodeIgniter\CodeIgniter->run()
#8 C:\Users\Udin C\Documents\kuliah yansya\semester 4\PemroWeb\UAS\ci4\system\Boot.php(68): CodeIgniter\Boot::runCodeIgniter(Object(CodeIgniter\CodeIgniter))
#9 C:\Users\Udin C\Documents\kuliah yansya\semester 4\PemroWeb\UAS\ci4\public\index.php(59): CodeIgniter\Boot::bootWeb(Object(Config\Paths))
#10 C:\Users\Udin C\Documents\kuliah yansya\semester 4\PemroWeb\UAS\ci4\system\rewrite.php(44): require_once('C:\\Users\\Udin C...')
#11 {main}
CRITICAL - 2026-06-11 10:42:09 --> CodeIgniter\Database\Exceptions\DatabaseException: Unable to connect to the database.
Main connection [MySQLi]: Invalid character set was provided
[Method: GET, Route: books]
in SYSTEMPATH\Database\BaseConnection.php on line 606.
 1 SYSTEMPATH\Database\BaseConnection.php(795): CodeIgniter\Database\BaseConnection->initialize()
 2 SYSTEMPATH\Database\BaseBuilder.php(1647): CodeIgniter\Database\BaseConnection->query('SELECT `b`.*, `g`.`name` as `genre_name`
FROM `books` `b`
LEFT JOIN `genres` `g` ON `g`.`id` = `b`.`genre_id`', [], false)
 3 APPPATH\Controllers\BookController.php(16): CodeIgniter\Database\BaseBuilder->get()
 4 SYSTEMPATH\CodeIgniter.php(974): App\Controllers\BookController->index()
 5 SYSTEMPATH\CodeIgniter.php(520): CodeIgniter\CodeIgniter->runController(Object(App\Controllers\BookController))
 6 SYSTEMPATH\CodeIgniter.php(363): CodeIgniter\CodeIgniter->handleRequest(null, Object(Config\Cache), false)
 7 SYSTEMPATH\Boot.php(417): CodeIgniter\CodeIgniter->run()
 8 SYSTEMPATH\Boot.php(68): CodeIgniter\Boot::runCodeIgniter(Object(CodeIgniter\CodeIgniter))
 9 FCPATH\index.php(59): CodeIgniter\Boot::bootWeb(Object(Config\Paths))
10 SYSTEMPATH\rewrite.php(44): require_once('C:\\Users\\Udin C\\Documents\\kuliah yansya\\semester 4\\PemroWeb\\UAS\\ci4\\public\\index.php')
ERROR - 2026-06-11 11:53:17 --> Cannot add or update a child row: a foreign key constraint fails (`elibrary_db`.`borrowings`, CONSTRAINT `borrowings_ibfk_1` FOREIGN KEY (`member_id`) REFERENCES `members` (`id`))
in SYSTEMPATH\Database\MySQLi\Connection.php on line 300.
 1 SYSTEMPATH\Database\MySQLi\Connection.php(300): mysqli->query('INSERT INTO `borrowings` (`member_id`, `book_id`, `borrow_date`, `return_date`, `status`) VALUES (\'\', \'1\', \'\', \'\', \'dipinjam\')', 0)
 2 SYSTEMPATH\Database\BaseConnection.php(908): CodeIgniter\Database\MySQLi\Connection->execute('INSERT INTO `borrowings` (`member_id`, `book_id`, `borrow_date`, `return_date`, `status`) VALUES (\'\', \'1\', \'\', \'\', \'dipinjam\')')
 3 SYSTEMPATH\Database\BaseConnection.php(825): CodeIgniter\Database\BaseConnection->simpleQuery('INSERT INTO `borrowings` (`member_id`, `book_id`, `borrow_date`, `return_date`, `status`) VALUES (\'\', \'1\', \'\', \'\', \'dipinjam\')')
 4 SYSTEMPATH\Database\BaseBuilder.php(2343): CodeIgniter\Database\BaseConnection->query('INSERT INTO `borrowings` (`member_id`, `book_id`, `borrow_date`, `return_date`, `status`) VALUES (:member_id:, :book_id:, :borrow_date:, :return_date:, :status:)', [...], false)
 5 SYSTEMPATH\Model.php(357): CodeIgniter\Database\BaseBuilder->insert()
 6 SYSTEMPATH\BaseModel.php(899): CodeIgniter\Model->doInsert([...])
 7 SYSTEMPATH\Model.php(670): CodeIgniter\BaseModel->insert([...], true)
 8 APPPATH\Controllers\BorrowingController.php(28): CodeIgniter\Model->insert([...])
 9 SYSTEMPATH\CodeIgniter.php(974): App\Controllers\BorrowingController->create()
10 SYSTEMPATH\CodeIgniter.php(520): CodeIgniter\CodeIgniter->runController(Object(App\Controllers\BorrowingController))
11 SYSTEMPATH\CodeIgniter.php(363): CodeIgniter\CodeIgniter->handleRequest(null, Object(Config\Cache), false)
12 SYSTEMPATH\Boot.php(417): CodeIgniter\CodeIgniter->run()
13 SYSTEMPATH\Boot.php(68): CodeIgniter\Boot::runCodeIgniter(Object(CodeIgniter\CodeIgniter))
14 FCPATH\index.php(68): CodeIgniter\Boot::bootWeb(Object(Config\Paths))
15 SYSTEMPATH\rewrite.php(44): require_once('C:\\Users\\Udin C\\Documents\\kuliah yansya\\semester 4\\PemroWeb\\UAS\\ci4\\public\\index.php')
CRITICAL - 2026-06-11 11:53:17 --> CodeIgniter\Database\Exceptions\DatabaseException: Cannot add or update a child row: a foreign key constraint fails (`elibrary_db`.`borrowings`, CONSTRAINT `borrowings_ibfk_1` FOREIGN KEY (`member_id`) REFERENCES `members` (`id`))
[Method: POST, Route: borrowings]
in SYSTEMPATH\Database\BaseConnection.php on line 863.
 1 SYSTEMPATH\Database\BaseBuilder.php(2343): CodeIgniter\Database\BaseConnection->query('INSERT INTO `borrowings` (`member_id`, `book_id`, `borrow_date`, `return_date`, `status`) VALUES (:member_id:, :book_id:, :borrow_date:, :return_date:, :status:)', [...], false)
 2 SYSTEMPATH\Model.php(357): CodeIgniter\Database\BaseBuilder->insert()
 3 SYSTEMPATH\BaseModel.php(899): CodeIgniter\Model->doInsert([...])
 4 SYSTEMPATH\Model.php(670): CodeIgniter\BaseModel->insert([...], true)
 5 APPPATH\Controllers\BorrowingController.php(28): CodeIgniter\Model->insert([...])
 6 SYSTEMPATH\CodeIgniter.php(974): App\Controllers\BorrowingController->create()
 7 SYSTEMPATH\CodeIgniter.php(520): CodeIgniter\CodeIgniter->runController(Object(App\Controllers\BorrowingController))
 8 SYSTEMPATH\CodeIgniter.php(363): CodeIgniter\CodeIgniter->handleRequest(null, Object(Config\Cache), false)
 9 SYSTEMPATH\Boot.php(417): CodeIgniter\CodeIgniter->run()
10 SYSTEMPATH\Boot.php(68): CodeIgniter\Boot::runCodeIgniter(Object(CodeIgniter\CodeIgniter))
11 FCPATH\index.php(68): CodeIgniter\Boot::bootWeb(Object(Config\Paths))
12 SYSTEMPATH\rewrite.php(44): require_once('C:\\Users\\Udin C\\Documents\\kuliah yansya\\semester 4\\PemroWeb\\UAS\\ci4\\public\\index.php')
CRITICAL - 2026-06-11 11:53:17 --> [Caused by] CodeIgniter\Database\Exceptions\DatabaseException: Cannot add or update a child row: a foreign key constraint fails (`elibrary_db`.`borrowings`, CONSTRAINT `borrowings_ibfk_1` FOREIGN KEY (`member_id`) REFERENCES `members` (`id`))
in SYSTEMPATH\Database\MySQLi\Connection.php on line 310.
 1 SYSTEMPATH\Database\BaseConnection.php(908): CodeIgniter\Database\MySQLi\Connection->execute('INSERT INTO `borrowings` (`member_id`, `book_id`, `borrow_date`, `return_date`, `status`) VALUES (\'\', \'1\', \'\', \'\', \'dipinjam\')')
 2 SYSTEMPATH\Database\BaseConnection.php(825): CodeIgniter\Database\BaseConnection->simpleQuery('INSERT INTO `borrowings` (`member_id`, `book_id`, `borrow_date`, `return_date`, `status`) VALUES (\'\', \'1\', \'\', \'\', \'dipinjam\')')
 3 SYSTEMPATH\Database\BaseBuilder.php(2343): CodeIgniter\Database\BaseConnection->query('INSERT INTO `borrowings` (`member_id`, `book_id`, `borrow_date`, `return_date`, `status`) VALUES (:member_id:, :book_id:, :borrow_date:, :return_date:, :status:)', [...], false)
 4 SYSTEMPATH\Model.php(357): CodeIgniter\Database\BaseBuilder->insert()
 5 SYSTEMPATH\BaseModel.php(899): CodeIgniter\Model->doInsert([...])
 6 SYSTEMPATH\Model.php(670): CodeIgniter\BaseModel->insert([...], true)
 7 APPPATH\Controllers\BorrowingController.php(28): CodeIgniter\Model->insert([...])
 8 SYSTEMPATH\CodeIgniter.php(974): App\Controllers\BorrowingController->create()
 9 SYSTEMPATH\CodeIgniter.php(520): CodeIgniter\CodeIgniter->runController(Object(App\Controllers\BorrowingController))
10 SYSTEMPATH\CodeIgniter.php(363): CodeIgniter\CodeIgniter->handleRequest(null, Object(Config\Cache), false)
11 SYSTEMPATH\Boot.php(417): CodeIgniter\CodeIgniter->run()
12 SYSTEMPATH\Boot.php(68): CodeIgniter\Boot::runCodeIgniter(Object(CodeIgniter\CodeIgniter))
13 FCPATH\index.php(68): CodeIgniter\Boot::bootWeb(Object(Config\Paths))
14 SYSTEMPATH\rewrite.php(44): require_once('C:\\Users\\Udin C\\Documents\\kuliah yansya\\semester 4\\PemroWeb\\UAS\\ci4\\public\\index.php')
CRITICAL - 2026-06-11 11:53:17 --> [Caused by] mysqli_sql_exception: Cannot add or update a child row: a foreign key constraint fails (`elibrary_db`.`borrowings`, CONSTRAINT `borrowings_ibfk_1` FOREIGN KEY (`member_id`) REFERENCES `members` (`id`))
in SYSTEMPATH\Database\MySQLi\Connection.php on line 300.
 1 SYSTEMPATH\Database\MySQLi\Connection.php(300): mysqli->query('INSERT INTO `borrowings` (`member_id`, `book_id`, `borrow_date`, `return_date`, `status`) VALUES (\'\', \'1\', \'\', \'\', \'dipinjam\')', 0)
 2 SYSTEMPATH\Database\BaseConnection.php(908): CodeIgniter\Database\MySQLi\Connection->execute('INSERT INTO `borrowings` (`member_id`, `book_id`, `borrow_date`, `return_date`, `status`) VALUES (\'\', \'1\', \'\', \'\', \'dipinjam\')')
 3 SYSTEMPATH\Database\BaseConnection.php(825): CodeIgniter\Database\BaseConnection->simpleQuery('INSERT INTO `borrowings` (`member_id`, `book_id`, `borrow_date`, `return_date`, `status`) VALUES (\'\', \'1\', \'\', \'\', \'dipinjam\')')
 4 SYSTEMPATH\Database\BaseBuilder.php(2343): CodeIgniter\Database\BaseConnection->query('INSERT INTO `borrowings` (`member_id`, `book_id`, `borrow_date`, `return_date`, `status`) VALUES (:member_id:, :book_id:, :borrow_date:, :return_date:, :status:)', [...], false)
 5 SYSTEMPATH\Model.php(357): CodeIgniter\Database\BaseBuilder->insert()
 6 SYSTEMPATH\BaseModel.php(899): CodeIgniter\Model->doInsert([...])
 7 SYSTEMPATH\Model.php(670): CodeIgniter\BaseModel->insert([...], true)
 8 APPPATH\Controllers\BorrowingController.php(28): CodeIgniter\Model->insert([...])
 9 SYSTEMPATH\CodeIgniter.php(974): App\Controllers\BorrowingController->create()
10 SYSTEMPATH\CodeIgniter.php(520): CodeIgniter\CodeIgniter->runController(Object(App\Controllers\BorrowingController))
11 SYSTEMPATH\CodeIgniter.php(363): CodeIgniter\CodeIgniter->handleRequest(null, Object(Config\Cache), false)
12 SYSTEMPATH\Boot.php(417): CodeIgniter\CodeIgniter->run()
13 SYSTEMPATH\Boot.php(68): CodeIgniter\Boot::runCodeIgniter(Object(CodeIgniter\CodeIgniter))
14 FCPATH\index.php(68): CodeIgniter\Boot::bootWeb(Object(Config\Paths))
15 SYSTEMPATH\rewrite.php(44): require_once('C:\\Users\\Udin C\\Documents\\kuliah yansya\\semester 4\\PemroWeb\\UAS\\ci4\\public\\index.php')
ERROR - 2026-06-11 11:53:18 --> Cannot add or update a child row: a foreign key constraint fails (`elibrary_db`.`borrowings`, CONSTRAINT `borrowings_ibfk_1` FOREIGN KEY (`member_id`) REFERENCES `members` (`id`))
in SYSTEMPATH\Database\MySQLi\Connection.php on line 300.
 1 SYSTEMPATH\Database\MySQLi\Connection.php(300): mysqli->query('INSERT INTO `borrowings` (`member_id`, `book_id`, `borrow_date`, `return_date`, `status`) VALUES (\'\', \'1\', \'\', \'\', \'dipinjam\')', 0)
 2 SYSTEMPATH\Database\BaseConnection.php(908): CodeIgniter\Database\MySQLi\Connection->execute('INSERT INTO `borrowings` (`member_id`, `book_id`, `borrow_date`, `return_date`, `status`) VALUES (\'\', \'1\', \'\', \'\', \'dipinjam\')')
 3 SYSTEMPATH\Database\BaseConnection.php(825): CodeIgniter\Database\BaseConnection->simpleQuery('INSERT INTO `borrowings` (`member_id`, `book_id`, `borrow_date`, `return_date`, `status`) VALUES (\'\', \'1\', \'\', \'\', \'dipinjam\')')
 4 SYSTEMPATH\Database\BaseBuilder.php(2343): CodeIgniter\Database\BaseConnection->query('INSERT INTO `borrowings` (`member_id`, `book_id`, `borrow_date`, `return_date`, `status`) VALUES (:member_id:, :book_id:, :borrow_date:, :return_date:, :status:)', [...], false)
 5 SYSTEMPATH\Model.php(357): CodeIgniter\Database\BaseBuilder->insert()
 6 SYSTEMPATH\BaseModel.php(899): CodeIgniter\Model->doInsert([...])
 7 SYSTEMPATH\Model.php(670): CodeIgniter\BaseModel->insert([...], true)
 8 APPPATH\Controllers\BorrowingController.php(28): CodeIgniter\Model->insert([...])
 9 SYSTEMPATH\CodeIgniter.php(974): App\Controllers\BorrowingController->create()
10 SYSTEMPATH\CodeIgniter.php(520): CodeIgniter\CodeIgniter->runController(Object(App\Controllers\BorrowingController))
11 SYSTEMPATH\CodeIgniter.php(363): CodeIgniter\CodeIgniter->handleRequest(null, Object(Config\Cache), false)
12 SYSTEMPATH\Boot.php(417): CodeIgniter\CodeIgniter->run()
13 SYSTEMPATH\Boot.php(68): CodeIgniter\Boot::runCodeIgniter(Object(CodeIgniter\CodeIgniter))
14 FCPATH\index.php(68): CodeIgniter\Boot::bootWeb(Object(Config\Paths))
15 SYSTEMPATH\rewrite.php(44): require_once('C:\\Users\\Udin C\\Documents\\kuliah yansya\\semester 4\\PemroWeb\\UAS\\ci4\\public\\index.php')
CRITICAL - 2026-06-11 11:53:18 --> CodeIgniter\Database\Exceptions\DatabaseException: Cannot add or update a child row: a foreign key constraint fails (`elibrary_db`.`borrowings`, CONSTRAINT `borrowings_ibfk_1` FOREIGN KEY (`member_id`) REFERENCES `members` (`id`))
[Method: POST, Route: borrowings]
in SYSTEMPATH\Database\BaseConnection.php on line 863.
 1 SYSTEMPATH\Database\BaseBuilder.php(2343): CodeIgniter\Database\BaseConnection->query('INSERT INTO `borrowings` (`member_id`, `book_id`, `borrow_date`, `return_date`, `status`) VALUES (:member_id:, :book_id:, :borrow_date:, :return_date:, :status:)', [...], false)
 2 SYSTEMPATH\Model.php(357): CodeIgniter\Database\BaseBuilder->insert()
 3 SYSTEMPATH\BaseModel.php(899): CodeIgniter\Model->doInsert([...])
 4 SYSTEMPATH\Model.php(670): CodeIgniter\BaseModel->insert([...], true)
 5 APPPATH\Controllers\BorrowingController.php(28): CodeIgniter\Model->insert([...])
 6 SYSTEMPATH\CodeIgniter.php(974): App\Controllers\BorrowingController->create()
 7 SYSTEMPATH\CodeIgniter.php(520): CodeIgniter\CodeIgniter->runController(Object(App\Controllers\BorrowingController))
 8 SYSTEMPATH\CodeIgniter.php(363): CodeIgniter\CodeIgniter->handleRequest(null, Object(Config\Cache), false)
 9 SYSTEMPATH\Boot.php(417): CodeIgniter\CodeIgniter->run()
10 SYSTEMPATH\Boot.php(68): CodeIgniter\Boot::runCodeIgniter(Object(CodeIgniter\CodeIgniter))
11 FCPATH\index.php(68): CodeIgniter\Boot::bootWeb(Object(Config\Paths))
12 SYSTEMPATH\rewrite.php(44): require_once('C:\\Users\\Udin C\\Documents\\kuliah yansya\\semester 4\\PemroWeb\\UAS\\ci4\\public\\index.php')
CRITICAL - 2026-06-11 11:53:18 --> [Caused by] CodeIgniter\Database\Exceptions\DatabaseException: Cannot add or update a child row: a foreign key constraint fails (`elibrary_db`.`borrowings`, CONSTRAINT `borrowings_ibfk_1` FOREIGN KEY (`member_id`) REFERENCES `members` (`id`))
in SYSTEMPATH\Database\MySQLi\Connection.php on line 310.
 1 SYSTEMPATH\Database\BaseConnection.php(908): CodeIgniter\Database\MySQLi\Connection->execute('INSERT INTO `borrowings` (`member_id`, `book_id`, `borrow_date`, `return_date`, `status`) VALUES (\'\', \'1\', \'\', \'\', \'dipinjam\')')
 2 SYSTEMPATH\Database\BaseConnection.php(825): CodeIgniter\Database\BaseConnection->simpleQuery('INSERT INTO `borrowings` (`member_id`, `book_id`, `borrow_date`, `return_date`, `status`) VALUES (\'\', \'1\', \'\', \'\', \'dipinjam\')')
 3 SYSTEMPATH\Database\BaseBuilder.php(2343): CodeIgniter\Database\BaseConnection->query('INSERT INTO `borrowings` (`member_id`, `book_id`, `borrow_date`, `return_date`, `status`) VALUES (:member_id:, :book_id:, :borrow_date:, :return_date:, :status:)', [...], false)
 4 SYSTEMPATH\Model.php(357): CodeIgniter\Database\BaseBuilder->insert()
 5 SYSTEMPATH\BaseModel.php(899): CodeIgniter\Model->doInsert([...])
 6 SYSTEMPATH\Model.php(670): CodeIgniter\BaseModel->insert([...], true)
 7 APPPATH\Controllers\BorrowingController.php(28): CodeIgniter\Model->insert([...])
 8 SYSTEMPATH\CodeIgniter.php(974): App\Controllers\BorrowingController->create()
 9 SYSTEMPATH\CodeIgniter.php(520): CodeIgniter\CodeIgniter->runController(Object(App\Controllers\BorrowingController))
10 SYSTEMPATH\CodeIgniter.php(363): CodeIgniter\CodeIgniter->handleRequest(null, Object(Config\Cache), false)
11 SYSTEMPATH\Boot.php(417): CodeIgniter\CodeIgniter->run()
12 SYSTEMPATH\Boot.php(68): CodeIgniter\Boot::runCodeIgniter(Object(CodeIgniter\CodeIgniter))
13 FCPATH\index.php(68): CodeIgniter\Boot::bootWeb(Object(Config\Paths))
14 SYSTEMPATH\rewrite.php(44): require_once('C:\\Users\\Udin C\\Documents\\kuliah yansya\\semester 4\\PemroWeb\\UAS\\ci4\\public\\index.php')
CRITICAL - 2026-06-11 11:53:18 --> [Caused by] mysqli_sql_exception: Cannot add or update a child row: a foreign key constraint fails (`elibrary_db`.`borrowings`, CONSTRAINT `borrowings_ibfk_1` FOREIGN KEY (`member_id`) REFERENCES `members` (`id`))
in SYSTEMPATH\Database\MySQLi\Connection.php on line 300.
 1 SYSTEMPATH\Database\MySQLi\Connection.php(300): mysqli->query('INSERT INTO `borrowings` (`member_id`, `book_id`, `borrow_date`, `return_date`, `status`) VALUES (\'\', \'1\', \'\', \'\', \'dipinjam\')', 0)
 2 SYSTEMPATH\Database\BaseConnection.php(908): CodeIgniter\Database\MySQLi\Connection->execute('INSERT INTO `borrowings` (`member_id`, `book_id`, `borrow_date`, `return_date`, `status`) VALUES (\'\', \'1\', \'\', \'\', \'dipinjam\')')
 3 SYSTEMPATH\Database\BaseConnection.php(825): CodeIgniter\Database\BaseConnection->simpleQuery('INSERT INTO `borrowings` (`member_id`, `book_id`, `borrow_date`, `return_date`, `status`) VALUES (\'\', \'1\', \'\', \'\', \'dipinjam\')')
 4 SYSTEMPATH\Database\BaseBuilder.php(2343): CodeIgniter\Database\BaseConnection->query('INSERT INTO `borrowings` (`member_id`, `book_id`, `borrow_date`, `return_date`, `status`) VALUES (:member_id:, :book_id:, :borrow_date:, :return_date:, :status:)', [...], false)
 5 SYSTEMPATH\Model.php(357): CodeIgniter\Database\BaseBuilder->insert()
 6 SYSTEMPATH\BaseModel.php(899): CodeIgniter\Model->doInsert([...])
 7 SYSTEMPATH\Model.php(670): CodeIgniter\BaseModel->insert([...], true)
 8 APPPATH\Controllers\BorrowingController.php(28): CodeIgniter\Model->insert([...])
 9 SYSTEMPATH\CodeIgniter.php(974): App\Controllers\BorrowingController->create()
10 SYSTEMPATH\CodeIgniter.php(520): CodeIgniter\CodeIgniter->runController(Object(App\Controllers\BorrowingController))
11 SYSTEMPATH\CodeIgniter.php(363): CodeIgniter\CodeIgniter->handleRequest(null, Object(Config\Cache), false)
12 SYSTEMPATH\Boot.php(417): CodeIgniter\CodeIgniter->run()
13 SYSTEMPATH\Boot.php(68): CodeIgniter\Boot::runCodeIgniter(Object(CodeIgniter\CodeIgniter))
14 FCPATH\index.php(68): CodeIgniter\Boot::bootWeb(Object(Config\Paths))
15 SYSTEMPATH\rewrite.php(44): require_once('C:\\Users\\Udin C\\Documents\\kuliah yansya\\semester 4\\PemroWeb\\UAS\\ci4\\public\\index.php')
ERROR - 2026-06-11 11:53:24 --> Cannot add or update a child row: a foreign key constraint fails (`elibrary_db`.`borrowings`, CONSTRAINT `borrowings_ibfk_1` FOREIGN KEY (`member_id`) REFERENCES `members` (`id`))
in SYSTEMPATH\Database\MySQLi\Connection.php on line 300.
 1 SYSTEMPATH\Database\MySQLi\Connection.php(300): mysqli->query('INSERT INTO `borrowings` (`member_id`, `book_id`, `borrow_date`, `return_date`, `status`) VALUES (\'\', \'1\', \'2026-06-05\', \'2026-06-18\', \'dipinjam\')', 0)
 2 SYSTEMPATH\Database\BaseConnection.php(908): CodeIgniter\Database\MySQLi\Connection->execute('INSERT INTO `borrowings` (`member_id`, `book_id`, `borrow_date`, `return_date`, `status`) VALUES (\'\', \'1\', \'2026-06-05\', \'2026-06-18\', \'dipinjam\')')
 3 SYSTEMPATH\Database\BaseConnection.php(825): CodeIgniter\Database\BaseConnection->simpleQuery('INSERT INTO `borrowings` (`member_id`, `book_id`, `borrow_date`, `return_date`, `status`) VALUES (\'\', \'1\', \'2026-06-05\', \'2026-06-18\', \'dipinjam\')')
 4 SYSTEMPATH\Database\BaseBuilder.php(2343): CodeIgniter\Database\BaseConnection->query('INSERT INTO `borrowings` (`member_id`, `book_id`, `borrow_date`, `return_date`, `status`) VALUES (:member_id:, :book_id:, :borrow_date:, :return_date:, :status:)', [...], false)
 5 SYSTEMPATH\Model.php(357): CodeIgniter\Database\BaseBuilder->insert()
 6 SYSTEMPATH\BaseModel.php(899): CodeIgniter\Model->doInsert([...])
 7 SYSTEMPATH\Model.php(670): CodeIgniter\BaseModel->insert([...], true)
 8 APPPATH\Controllers\BorrowingController.php(28): CodeIgniter\Model->insert([...])
 9 SYSTEMPATH\CodeIgniter.php(974): App\Controllers\BorrowingController->create()
10 SYSTEMPATH\CodeIgniter.php(520): CodeIgniter\CodeIgniter->runController(Object(App\Controllers\BorrowingController))
11 SYSTEMPATH\CodeIgniter.php(363): CodeIgniter\CodeIgniter->handleRequest(null, Object(Config\Cache), false)
12 SYSTEMPATH\Boot.php(417): CodeIgniter\CodeIgniter->run()
13 SYSTEMPATH\Boot.php(68): CodeIgniter\Boot::runCodeIgniter(Object(CodeIgniter\CodeIgniter))
14 FCPATH\index.php(68): CodeIgniter\Boot::bootWeb(Object(Config\Paths))
15 SYSTEMPATH\rewrite.php(44): require_once('C:\\Users\\Udin C\\Documents\\kuliah yansya\\semester 4\\PemroWeb\\UAS\\ci4\\public\\index.php')
CRITICAL - 2026-06-11 11:53:24 --> CodeIgniter\Database\Exceptions\DatabaseException: Cannot add or update a child row: a foreign key constraint fails (`elibrary_db`.`borrowings`, CONSTRAINT `borrowings_ibfk_1` FOREIGN KEY (`member_id`) REFERENCES `members` (`id`))
[Method: POST, Route: borrowings]
in SYSTEMPATH\Database\BaseConnection.php on line 863.
 1 SYSTEMPATH\Database\BaseBuilder.php(2343): CodeIgniter\Database\BaseConnection->query('INSERT INTO `borrowings` (`member_id`, `book_id`, `borrow_date`, `return_date`, `status`) VALUES (:member_id:, :book_id:, :borrow_date:, :return_date:, :status:)', [...], false)
 2 SYSTEMPATH\Model.php(357): CodeIgniter\Database\BaseBuilder->insert()
 3 SYSTEMPATH\BaseModel.php(899): CodeIgniter\Model->doInsert([...])
 4 SYSTEMPATH\Model.php(670): CodeIgniter\BaseModel->insert([...], true)
 5 APPPATH\Controllers\BorrowingController.php(28): CodeIgniter\Model->insert([...])
 6 SYSTEMPATH\CodeIgniter.php(974): App\Controllers\BorrowingController->create()
 7 SYSTEMPATH\CodeIgniter.php(520): CodeIgniter\CodeIgniter->runController(Object(App\Controllers\BorrowingController))
 8 SYSTEMPATH\CodeIgniter.php(363): CodeIgniter\CodeIgniter->handleRequest(null, Object(Config\Cache), false)
 9 SYSTEMPATH\Boot.php(417): CodeIgniter\CodeIgniter->run()
10 SYSTEMPATH\Boot.php(68): CodeIgniter\Boot::runCodeIgniter(Object(CodeIgniter\CodeIgniter))
11 FCPATH\index.php(68): CodeIgniter\Boot::bootWeb(Object(Config\Paths))
12 SYSTEMPATH\rewrite.php(44): require_once('C:\\Users\\Udin C\\Documents\\kuliah yansya\\semester 4\\PemroWeb\\UAS\\ci4\\public\\index.php')
CRITICAL - 2026-06-11 11:53:24 --> [Caused by] CodeIgniter\Database\Exceptions\DatabaseException: Cannot add or update a child row: a foreign key constraint fails (`elibrary_db`.`borrowings`, CONSTRAINT `borrowings_ibfk_1` FOREIGN KEY (`member_id`) REFERENCES `members` (`id`))
in SYSTEMPATH\Database\MySQLi\Connection.php on line 310.
 1 SYSTEMPATH\Database\BaseConnection.php(908): CodeIgniter\Database\MySQLi\Connection->execute('INSERT INTO `borrowings` (`member_id`, `book_id`, `borrow_date`, `return_date`, `status`) VALUES (\'\', \'1\', \'2026-06-05\', \'2026-06-18\', \'dipinjam\')')
 2 SYSTEMPATH\Database\BaseConnection.php(825): CodeIgniter\Database\BaseConnection->simpleQuery('INSERT INTO `borrowings` (`member_id`, `book_id`, `borrow_date`, `return_date`, `status`) VALUES (\'\', \'1\', \'2026-06-05\', \'2026-06-18\', \'dipinjam\')')
 3 SYSTEMPATH\Database\BaseBuilder.php(2343): CodeIgniter\Database\BaseConnection->query('INSERT INTO `borrowings` (`member_id`, `book_id`, `borrow_date`, `return_date`, `status`) VALUES (:member_id:, :book_id:, :borrow_date:, :return_date:, :status:)', [...], false)
 4 SYSTEMPATH\Model.php(357): CodeIgniter\Database\BaseBuilder->insert()
 5 SYSTEMPATH\BaseModel.php(899): CodeIgniter\Model->doInsert([...])
 6 SYSTEMPATH\Model.php(670): CodeIgniter\BaseModel->insert([...], true)
 7 APPPATH\Controllers\BorrowingController.php(28): CodeIgniter\Model->insert([...])
 8 SYSTEMPATH\CodeIgniter.php(974): App\Controllers\BorrowingController->create()
 9 SYSTEMPATH\CodeIgniter.php(520): CodeIgniter\CodeIgniter->runController(Object(App\Controllers\BorrowingController))
10 SYSTEMPATH\CodeIgniter.php(363): CodeIgniter\CodeIgniter->handleRequest(null, Object(Config\Cache), false)
11 SYSTEMPATH\Boot.php(417): CodeIgniter\CodeIgniter->run()
12 SYSTEMPATH\Boot.php(68): CodeIgniter\Boot::runCodeIgniter(Object(CodeIgniter\CodeIgniter))
13 FCPATH\index.php(68): CodeIgniter\Boot::bootWeb(Object(Config\Paths))
14 SYSTEMPATH\rewrite.php(44): require_once('C:\\Users\\Udin C\\Documents\\kuliah yansya\\semester 4\\PemroWeb\\UAS\\ci4\\public\\index.php')
CRITICAL - 2026-06-11 11:53:24 --> [Caused by] mysqli_sql_exception: Cannot add or update a child row: a foreign key constraint fails (`elibrary_db`.`borrowings`, CONSTRAINT `borrowings_ibfk_1` FOREIGN KEY (`member_id`) REFERENCES `members` (`id`))
in SYSTEMPATH\Database\MySQLi\Connection.php on line 300.
 1 SYSTEMPATH\Database\MySQLi\Connection.php(300): mysqli->query('INSERT INTO `borrowings` (`member_id`, `book_id`, `borrow_date`, `return_date`, `status`) VALUES (\'\', \'1\', \'2026-06-05\', \'2026-06-18\', \'dipinjam\')', 0)
 2 SYSTEMPATH\Database\BaseConnection.php(908): CodeIgniter\Database\MySQLi\Connection->execute('INSERT INTO `borrowings` (`member_id`, `book_id`, `borrow_date`, `return_date`, `status`) VALUES (\'\', \'1\', \'2026-06-05\', \'2026-06-18\', \'dipinjam\')')
 3 SYSTEMPATH\Database\BaseConnection.php(825): CodeIgniter\Database\BaseConnection->simpleQuery('INSERT INTO `borrowings` (`member_id`, `book_id`, `borrow_date`, `return_date`, `status`) VALUES (\'\', \'1\', \'2026-06-05\', \'2026-06-18\', \'dipinjam\')')
 4 SYSTEMPATH\Database\BaseBuilder.php(2343): CodeIgniter\Database\BaseConnection->query('INSERT INTO `borrowings` (`member_id`, `book_id`, `borrow_date`, `return_date`, `status`) VALUES (:member_id:, :book_id:, :borrow_date:, :return_date:, :status:)', [...], false)
 5 SYSTEMPATH\Model.php(357): CodeIgniter\Database\BaseBuilder->insert()
 6 SYSTEMPATH\BaseModel.php(899): CodeIgniter\Model->doInsert([...])
 7 SYSTEMPATH\Model.php(670): CodeIgniter\BaseModel->insert([...], true)
 8 APPPATH\Controllers\BorrowingController.php(28): CodeIgniter\Model->insert([...])
 9 SYSTEMPATH\CodeIgniter.php(974): App\Controllers\BorrowingController->create()
10 SYSTEMPATH\CodeIgniter.php(520): CodeIgniter\CodeIgniter->runController(Object(App\Controllers\BorrowingController))
11 SYSTEMPATH\CodeIgniter.php(363): CodeIgniter\CodeIgniter->handleRequest(null, Object(Config\Cache), false)
12 SYSTEMPATH\Boot.php(417): CodeIgniter\CodeIgniter->run()
13 SYSTEMPATH\Boot.php(68): CodeIgniter\Boot::runCodeIgniter(Object(CodeIgniter\CodeIgniter))
14 FCPATH\index.php(68): CodeIgniter\Boot::bootWeb(Object(Config\Paths))
15 SYSTEMPATH\rewrite.php(44): require_once('C:\\Users\\Udin C\\Documents\\kuliah yansya\\semester 4\\PemroWeb\\UAS\\ci4\\public\\index.php')
